평점,판매자,구매자,날짜,제목,본문,이미지URL
5,SK하이닉스공식대리점 도우,alvi****,2023-07-01,가볍고 빠르고 만족,가볍고 빠르고 만족,[]
5,SK하이닉스공식대리점 도우,puha****,2023-06-30,잇썹의 리뷰를 보고 구매 했는데 하이닉스 메모리 좋네요 ㅎㅎ 디자인도 독특하고 휴대성도 좋습니다!,잇썹의 리뷰를 보고 구매 했는데 하이닉스 메모리 좋네요 ㅎㅎ 디자인도 독특하고 휴대성도 좋습니다!,['https://phinf.pstatic.net/checkout/20230630_72/1688115835492dIjdE_JPEG/20230630_064044.jpg']
5,SK하이닉스공식대리점 도우,leey****,2023-06-30,작고 속도도 빠르네요.잘 산듯 합니다.^^,"작고 속도도 빠르네요.
잘 산듯 합니다.^^",[]
5,SK하이닉스공식대리점 도우,gidr****,2023-06-30,작고 귀엽습니다다만 케이스는 뭔가 케이블이 안들어가는게 잘 안맞긴하네요,"작고 귀엽습니다
다만 케이스는 뭔가 케이블이 안들어가는게 잘 안맞긴하네요",['https://phinf.pstatic.net/checkout/20230630_47/1688087133860HAUl2_JPEG/20230630_100457.jpg']
5,SK하이닉스공식대리점 도우,body****,2023-06-30,제품 아주 만족합니다.,제품 아주 만족합니다.,['https://phinf.pstatic.net/checkout/20230630_50/1688109053250QEdFo_JPEG/20230630_161032.jpg']
5,SK하이닉스공식대리점 도우,flyh****,2023-06-29,꼭 가지고싶었던 제품인데 빨리 배송되어 좋아요,꼭 가지고싶었던 제품인데 빨리 배송되어 좋아요,[]
5,SK하이닉스공식대리점 도우,naba****,2023-06-29,발열 좀 있음동봉 케이스 케이블 구멍 크기 조정 시급전체적으로 만족합니다.,"발열 좀 있음
동봉 케이스 케이블 구멍 크기 조정 시급
전체적으로 만족합니다.",[]
5,SK하이닉스공식대리점 도우,inhe****,2023-06-29,배송빨라서 너무 좋았고 사용해보니 빠르게 자료 옮겨져서 좋았어요 강추,배송빨라서 너무 좋았고 사용해보니 빠르게 자료 옮겨져서 좋았어요 강추,['https://phinf.pstatic.net/checkout/20230629_66/1688029408815fI6gC_JPEG/EC7B5E32-1686-42FE-9C74-565BEEC0155B.jpeg']
5,SK하이닉스공식대리점 도우,farm****,2023-06-29,인식 잘되고 마음에 듭니다.,인식 잘되고 마음에 듭니다.,[]
5,SK하이닉스공식대리점 도우,ks01****,2023-06-29,너무 잘 쓰고 있습니다,너무 잘 쓰고 있습니다,[]
5,옥션,k*h*****,2023-06-29,아주 좋아요,아주 좋아요,[]
5,SK하이닉스공식대리점 도우,rbtj****,2023-06-29,너무 잘 사용중입니다 강추드립니다!,너무 잘 사용중입니다 강추드립니다!,['https://phinf.pstatic.net/checkout/20230629_220/1687974200715BCe8Y_JPEG/ssd_%A9%F6.jpg']
5,SK하이닉스공식대리점 도우,sbjo****,2023-06-29,정말 작네요. 성능이 기대되네요,정말 작네요. 성능이 기대되네요,['https://phinf.pstatic.net/checkout/20230629_222/1688050510764oktG3_JPEG/image.jpg']
5,SK하이닉스공식대리점 도우,jiju****,2023-06-29,삼당자분이 친절하고 배송이 너무 빠르네요,삼당자분이 친절하고 배송이 너무 빠르네요,['https://phinf.pstatic.net/checkout/20230629_223/1688039002620pRuK6_JPEG/20230628_210629.jpg']
5,SK하이닉스공식대리점 도우,pakr****,2023-06-28,내구성은 좀 더 써봐야 알겠지만속도는 정상적으로 잘 나오네요.디자인도 작고 예뻐서 들고다니기도 좋을 것 같아요.,"내구성은 좀 더 써봐야 알겠지만
속도는 정상적으로 잘 나오네요.
디자인도 작고 예뻐서 들고다니기도 좋을 것 같아요.","['https://phinf.pstatic.net/checkout/20230628_55/1687961510202viXrV_JPEG/20230628_123806.jpg', 'https://phinf.pstatic.net/checkout/20230628_258/1687961508580hdO8F_JPEG/20230628_123840.jpg', 'https://phinf.pstatic.net/checkout/20230628_150/168796150612585coI_JPEG/20230628_123931.jpg', 'https://phinf.pstatic.net/checkout/20230628_60/1687961505647voQFs_JPEG/20230628_123944.jpg', 'https://phinf.pstatic.net/checkout/20230628_60/16879615007866aauH_JPEG/20230628_124025.jpg']"
4,SK하이닉스공식대리점 도우,regg****,2023-06-28,단점은 대량 데이터 전송시 발열과 발열시 전송속도가 느려진다는 것이고 발열이 없을때 파일 복사 시간이 엄청 빠릅니다빠른 전송속도와 크기가 작아 휴대가 용이하다는게 가장 큰 장점인것,"단점은 대량 데이터 전송시 발열과 발열시 전송속도가 느려진다는 것이고 발열이 없을때 파일 복사 시간이 엄청 빠릅니다
빠른 전송속도와 크기가 작아 휴대가 용이하다는게 가장 큰 장점인것 같아요",[]
5,SK하이닉스공식대리점 도우,kejr****,2023-06-28,속도 빠르고 발열 적고 너무 가벼워요 단점이 하나도 없어요!,속도 빠르고 발열 적고 너무 가벼워요 단점이 하나도 없어요!,['https://phinf.pstatic.net/checkout/20230628_276/1687930461361RuYOR_JPEG/20230628_143204.jpg']
5,SK하이닉스공식대리점 도우,jjoo****,2023-06-28,가볍고 속도도 빨라서 넘 좋아요~!!정말 만족합니다.,"가볍고 속도도 빨라서 넘 좋아요~!!
정말 만족합니다.","['https://phinf.pstatic.net/checkout/20230628_226/1687961315946azFbq_JPEG/1687961304733.jpg', 'https://phinf.pstatic.net/checkout/20230628_205/1687961266321LuBks_JPEG/1687961226897.jpg']"
5,SK하이닉스공식대리점 도우,chae****,2023-06-28,잇섭 광고보고삿어영ㅋㅋㅋ속도가 빠르고 작고 컴펙트한 사이즈가 쓰기좋아요,잇섭 광고보고삿어영ㅋㅋㅋ속도가 빠르고 작고 컴펙트한 사이즈가 쓰기좋아요,['https://phinf.pstatic.net/checkout/20230628_151/1687920251274WUucj_JPEG/image.jpg']
5,SK하이닉스공식대리점 도우,purp****,2023-06-28,가볍고 작고 성능도 매우 만족입니다,가볍고 작고 성능도 매우 만족입니다,['https://phinf.pstatic.net/checkout/20230628_103/1687949800518FWlGK_JPEG/20230628_195508.jpg']
5,SK하이닉스공식대리점 도우,youx****,2023-06-28,작고 가벼우면서 속도도 나름빨라여,작고 가벼우면서 속도도 나름빨라여,[]
5,SK하이닉스공식대리점 도우,kmpa****,2023-06-28,배송도 빠르고제품도 안족합니다,"배송도 빠르고
제품도 안족합니다",[]
5,SK하이닉스공식대리점 도우,sgtl****,2023-06-28,아담하고 디자인이 예쁘네요,아담하고 디자인이 예쁘네요,[]
5,SK하이닉스공식대리점 도우,kyle****,2023-06-28,컴팩트 합니다...,컴팩트 합니다...,['https://phinf.pstatic.net/checkout/20230628_173/1687962138389Xp2mN_JPEG/20230628_232152.jpg']
5,SK하이닉스공식대리점 도우,vldz****,2023-06-28,배송 빠르네요~~ 잘 사용할게요 ㅎㅎ,배송 빠르네요~~ 잘 사용할게요 ㅎㅎ,['https://phinf.pstatic.net/checkout/20230628_54/1687961410156ryzJl_JPEG/IMG_3374.jpeg']
5,SK하이닉스공식대리점 도우,khj_****,2023-06-27,배송빨리왔어요. 안경이랑 같이 찍은 사진 보면 얼마나 작은지 아실거에요. 용량도 1테라 든든하네요. 2테라나오면 구매의사 뿜뿜,"배송빨리왔어요. 안경이랑 같이 찍은 사진 보면 얼마나 작은지 아실거에요.

용량도 1테라 든든하네요. 2테라나오면 구매의사 뿜뿜","['https://phinf.pstatic.net/checkout/20230627_214/1687860063973tFvR5_JPEG/IMG_7496.jpeg', 'https://phinf.pstatic.net/checkout/20230627_165/1687860063914mVFc9_JPEG/IMG_7497.jpeg', 'https://phinf.pstatic.net/checkout/20230627_56/1687860064062SLDYb_JPEG/IMG_7498.jpeg', 'https://phinf.pstatic.net/checkout/20230627_208/1687860064061gtlXK_JPEG/IMG_7499.jpeg']"
5,SK하이닉스공식대리점 도우,tess****,2023-06-27,더 큰 용량을 구매하려다가 작고 디자인이 고급스러워서 선택했는데 만족합니다.,"더 큰 용량을 구매하려다가
작고 디자인이 고급스러워서 선택했는데 만족합니다.",[]
5,SK하이닉스공식대리점 도우,gunm****,2023-06-27,속도에 만족합니다.,속도에 만족합니다.,[]
5,SK하이닉스공식대리점 도우,kang****,2023-06-26,처음쓰는 외장ssd신중하게 고르다가 유투브 잇섭 영상보고 결심해서 구매했습니다. 상당히 작고 보호케이스 있어서 안신하게 오래쓰겠네요.,처음쓰는 외장ssd신중하게 고르다가 유투브 잇섭 영상보고 결심해서 구매했습니다. 상당히 작고 보호케이스 있어서 안신하게 오래쓰겠네요.,"['https://phinf.pstatic.net/checkout/20230626_209/16877517353149Uy9o_JPEG/IMG_9873.jpeg', 'https://phinf.pstatic.net/checkout/20230626_27/1687751735910KDoBA_JPEG/IMG_9874.jpeg', 'https://phinf.pstatic.net/checkout/20230626_18/1687751735940cIj8L_JPEG/IMG_9876.jpeg', 'https://phinf.pstatic.net/checkout/20230626_72/1687751735940OmogM_JPEG/IMG_9875.jpeg', 'https://phinf.pstatic.net/checkout/20230626_55/1687751735978jLD7s_JPEG/IMG_9877.jpeg']"
5,SK하이닉스공식대리점 도우,jauf****,2023-06-26,케이블이 두종류나 들어있어서 좋다,케이블이 두종류나 들어있어서 좋다,[]
5,SK하이닉스공식대리점 도우,najo****,2023-06-26,아담하고 디자인 괜찮네요,아담하고 디자인 괜찮네요,[]
5,SK하이닉스공식대리점 도우,wjde****,2023-06-26,속도 빠르고 좋아요.,속도 빠르고 좋아요.,['https://phinf.pstatic.net/checkout/20230626_285/1687750080962eGKaR_JPEG/1687750039681.jpg']
5,SK하이닉스공식대리점 도우,hh90****,2023-06-26,"사이즈도 작고, 속도도 빠릅니다. 만족합니다.","사이즈도 작고, 속도도 빠릅니다. 만족합니다.",[]
5,SK하이닉스공식대리점 도우,jpan****,2023-06-25,잘받았습니다 사업번창하세요,잘받았습니다 사업번창하세요,[]
5,SK하이닉스공식대리점 도우,tall****,2023-06-24,"Sk 하이닉스의 첫 외장 ssd처음이 이 정도 퀄리티라면 그 후속 제품은 정말 대단한 작품 하나 나올 듯장점 : 속도, 크기, d램탑재단점 : 발열 쓰로틀링, 보안 소프트웨어 없음","Sk 하이닉스의 첫 외장 ssd
처음이 이 정도 퀄리티라면 그 후속 제품은 정말 대단한 작품 하나 나올 듯

장점 : 속도, 크기, d램탑재

단점 : 발열 쓰로틀링, 보안 소프트웨어 없음",['https://phinf.pstatic.net/checkout/20230624_97/1687592005592LsCCs_JPEG/20230624_162837.jpg']
5,SK하이닉스공식대리점 도우,whdt****,2023-06-24,아주 좋아요 빠르고 가볍고 작은거 최곱니다,아주 좋아요 빠르고 가볍고 작은거 최곱니다,['https://phinf.pstatic.net/checkout/20230624_193/1687595834785e5PI6_JPEG/image.jpg']
4,SK하이닉스공식대리점 도우,mir6****,2023-06-24,사용해보고 판단 합니다 수고하세요,사용해보고 판단 합니다 수고하세요,[]
5,SK하이닉스공식대리점 도우,wpdl****,2023-06-24,작고소중하고 이뻐용,작고소중하고 이뻐용,['https://phinf.pstatic.net/checkout/20230624_240/1687614031022xWAEo_JPEG/20230624_224016.jpg']
4,SK하이닉스공식대리점 도우,dgle****,2023-06-24,빠른 배송 감사합니다 잘 사용 하겠습니다.,빠른 배송 감사합니다 잘 사용 하겠습니다.,['https://phinf.pstatic.net/checkout/20230624_231/1687594898460Hh3mK_JPEG/1687594870448.jpg']
5,SK하이닉스공식대리점 도우,twet****,2023-06-24,"포장상태 , 배송 모두 👍👍👍👍👍","포장상태 , 배송 모두 👍👍👍👍👍","['https://phinf.pstatic.net/checkout/20230624_265/1687575852555KVwAF_JPEG/IMG_1623.jpeg', 'https://phinf.pstatic.net/checkout/20230624_271/1687575852844jRigK_JPEG/IMG_1624.jpeg', 'https://phinf.pstatic.net/checkout/20230624_11/1687575853261g5KoE_JPEG/IMG_1618.jpeg', 'https://phinf.pstatic.net/checkout/20230624_250/1687575853865ooooX_JPEG/IMG_1615.jpeg', 'https://phinf.pstatic.net/checkout/20230624_286/1687575854361a2Ge8_JPEG/IMG_1616.jpeg']"
5,SK하이닉스공식대리점 도우,igri****,2023-06-23,리뷰에 있는 단점 잘 모르겠음 존나 빠름,리뷰에 있는 단점 잘 모르겠음 존나 빠름,[]
5,SK하이닉스공식대리점 도우,hyok****,2023-06-23,역시 SSD잘 만드는 sk하이닉스 ㅎㅎ,역시 SSD잘 만드는 sk하이닉스 ㅎㅎ,['https://phinf.pstatic.net/checkout/20230623_210/1687526907371rY3Ci_JPEG/20230623_222640.jpg']
3,SK하이닉스공식대리점 도우,sene****,2023-06-23,기존 구성에 전용 케이블이 있지만 짧아서 불편하더군요..결국 케이블 따로 구매하고 사용 중 입니다.,기존 구성에 전용 케이블이 있지만 짧아서 불편하더군요..결국 케이블 따로 구매하고 사용 중 입니다.,['https://phinf.pstatic.net/checkout/20230623_295/1687531233004W8egH_JPEG/20230623_233732.jpg']
5,SK하이닉스공식대리점 도우,wind****,2023-06-23,빠르고 넘 좋습니다 디자인 굿,빠르고 넘 좋습니다 디자인 굿,[]
5,SK하이닉스공식대리점 도우,wppo****,2023-06-23,휴대성이 좋아요. 속도도 빠름,휴대성이 좋아요. 속도도 빠름,[]
5,SK하이닉스공식대리점 도우,bell****,2023-06-23,성능도 좋고 전송도 빠릅니다,성능도 좋고 전송도 빠릅니다,['https://phinf.pstatic.net/checkout/20230623_128/1687499424044qCrQy_JPEG/20230623_144911.jpg']
5,컴퓨존,lcer****,2023-06-23,좋군요. 좋아요. 좋습니다.,좋군요. 좋아요. 좋습니다.,[]
5,옥션,h*s*****,2023-06-23,good!,good!,[]
5,SK하이닉스공식대리점 도우,lwm8****,2023-06-22,케이블도 c타입 a타입 다 줘서 편함앞으로 가격은 잘 모르겠네요 더 떨어지려나.. 일단 적당히 잘 구매한거 같습니다크리스탈마크읽기 1058.05쓰기 1023.78랜덤 4k 읽기 3,"케이블도 c타입 a타입 다 줘서 편함
앞으로 가격은 잘 모르겠네요 더 떨어지려나.. 일단 적당히 잘 구매한거 같습니다

크리스탈마크
읽기 1058.05
쓰기 1023.78
랜덤 4k 읽기 33.17
쓰기 69.70",['https://phinf.pstatic.net/checkout/20230622_113/1687411162432s2Q8l_JPEG/IMG_9920.jpeg']
5,SK하이닉스공식대리점 도우,saib****,2023-06-22,정말 작고 빠르고 맘에 쏙 듭니다!!,정말 작고 빠르고 맘에 쏙 듭니다!!,[]
5,SK하이닉스공식대리점 도우,juk0****,2023-06-22,빠른 배송으로 주말에 작업 할 수 있어서 좋았습니다. 광고 보고 구매했는데 잘 한 것 같습니다.,빠른 배송으로 주말에 작업 할 수 있어서 좋았습니다. 광고 보고 구매했는데 잘 한 것 같습니다.,[]
5,SK하이닉스공식대리점 도우,life****,2023-06-21,잇섭님 보고 구매해요! 역시 작고 빠르네요!,잇섭님 보고 구매해요! 역시 작고 빠르네요!,"['https://phinf.pstatic.net/checkout/20230621_182/1687310709582bcdEl_JPEG/IMG_5770.jpeg', 'https://phinf.pstatic.net/checkout/20230621_90/1687310710205R3GSP_JPEG/IMG_5769.jpeg']"
5,SK하이닉스공식대리점 도우,bahw****,2023-06-21,속도도 빠르고 잘 쓰고 있어요 ㅎㅎ,속도도 빠르고 잘 쓰고 있어요 ㅎㅎ,['https://phinf.pstatic.net/checkout/20230621_286/16873195614402VWCD_JPEG/%A2%ACSSD.jpg']
5,SK하이닉스공식대리점 도우,k811****,2023-06-21,속도도 빠르고 안정적입니다,속도도 빠르고 안정적입니다,['https://phinf.pstatic.net/checkout/20230621_112/1687317207009CQ7k7_JPEG/20230621_121048.jpg']
5,11번가,ki******,2023-06-21,최고예요,속도빠르고 외장 깔끔합니다. 무게도 거의 안느껴질정도로 가볍습니다. 강추합니다.,[]
5,SK하이닉스공식대리점 도우,iggi****,2023-06-21,성능이 좋다하여 구입하였습니다. 잘쓰겠습니다,성능이 좋다하여 구입하였습니다. 잘쓰겠습니다,[]
5,G마켓,c*a*****,2023-06-20,귀욤귀욤,디자인이 귀요미샌디스크 익스트림프로랑 비교작은데 두꺼움마감이… 왜 범퍼를 주는지 알 것 같음방진방수 안될거 같음리셋버튼인가 싶었던 작동 점멸등맥북 전원 연결한 상태에서 이거 연결하면 이것도 전류흐름 ㄷㄷ생각보다 뜨거움,"['https://shopping-phinf.pstatic.net/20230623_21/e084e705-1a8a-45e4-bb24-742c704b87a0.jpg', 'https://shopping-phinf.pstatic.net/20230623_29/aa7a36b6-5e67-485a-9c92-695809866dd1.jpg']"
4,SK하이닉스공식대리점 도우,rudg****,2023-06-20,작고 가볍습니다외관도 고급지고 앞으로 자주 쓸 듯 해요,"작고 가볍습니다
외관도 고급지고 앞으로 자주 쓸 듯 해요",['https://phinf.pstatic.net/checkout/20230620_158/1687241632466ybSwJ_JPEG/20230620_151345.jpg']
5,SK하이닉스공식대리점 도우,qus1****,2023-06-20,디자인도 좋고 휴대도 간편하여 만족합니다,디자인도 좋고 휴대도 간편하여 만족합니다,[]
5,SK하이닉스공식대리점 도우,orzl****,2023-06-20,작고 소중하네요. 잘쓸께요.,"작고 소중하네요.
잘쓸께요.",['https://phinf.pstatic.net/checkout/20230620_78/16872528559938rv9E_JPEG/image.jpg']
5,SK하이닉스공식대리점 도우,kyo6****,2023-06-20,깔끔하게 잘 도착했습니다,깔끔하게 잘 도착했습니다,[]
5,이노윈,gytk****,2023-06-20,배송도 빠르고 좋습니다,배송도 빠르고 좋습니다,['https://phinf.pstatic.net/checkout/20230620_78/1687240086452BjmgT_JPEG/20230620_144749.jpg']
5,G마켓,l*h*****,2023-06-20,잘 받았습니다,배송도 빠르고 좋아요,['https://shopping-phinf.pstatic.net/20230623_26/16a78e9e-7995-413b-b9e8-1bd8814e87a7.jpg']
5,SK하이닉스공식대리점 도우,khch****,2023-06-20,작고 예뻐서 좋네요,작고 예뻐서 좋네요,[]
5,SK하이닉스공식대리점 도우,lmsb****,2023-06-20,배송이 빨랐어요 ~,배송이 빨랐어요 ~,[]
5,SK하이닉스공식대리점 도우,siap****,2023-06-20,배송 빠르고 물건도 좋고 너무너무 만족스러웠습니디.,배송 빠르고 물건도 좋고 너무너무 만족스러웠습니디.,[]
5,SK하이닉스공식대리점 도우,fani****,2023-06-20,완전빠르고 작고 좋아요!! 하나 더 살거같아요ㅎㅎ,완전빠르고 작고 좋아요!! 하나 더 살거같아요ㅎㅎ,['https://phinf.pstatic.net/checkout/20230620_162/1687220661839MB2F6_JPEG/image.jpg']
5,SK하이닉스공식대리점 도우,silv****,2023-06-19,신랑선물로 구매해줬는데 마음에 들어해요~~ 2테라도 나왔으면 좋겠대요^^사이즈가 작아서 휴대하기 좋을것 같아요~,"신랑선물로 구매해줬는데 마음에 들어해요~~ 2테라도 나왔으면 좋겠대요^^
사이즈가 작아서 휴대하기 좋을것 같아요~",['https://phinf.pstatic.net/checkout/20230619_120/1687149223877EwpWv_JPEG/20230618_205036.jpg']
4,SK하이닉스공식대리점 도우,melo****,2023-06-19,"사이즈, 속도는 대 만족 다만 지급되는 케이스에 c타입 연결부위 구멍을 좀더 크게 만들어 줬으면 좋겠습니다","사이즈, 속도는 대 만족 다만 지급되는 케이스에 c타입 연결부위 구멍을 좀더 크게 만들어 줬으면 좋겠습니다",[]
5,SK하이닉스공식대리점 도우,jhkk****,2023-06-19,빨라요 크기도 작고.핸드폰 사진 다 옮겨도 넉넉하네요,빨라요 크기도 작고.핸드폰 사진 다 옮겨도 넉넉하네요,['https://phinf.pstatic.net/checkout/20230619_252/16871459954611ygCD_JPEG/IMG_7339.jpeg']
5,SK하이닉스공식대리점 도우,chao****,2023-06-19,외장하드 이쁘네요 잘쓰겠습니다.,외장하드 이쁘네요 잘쓰겠습니다.,[]
4,SK하이닉스공식대리점 도우,auud****,2023-06-19,아직 사용 안해보긴했는데 잘옴,아직 사용 안해보긴했는데 잘옴,['https://phinf.pstatic.net/checkout/20230619_268/1687157265244Nmg2e_JPEG/IMG_2707.jpeg']
5,SK하이닉스공식대리점 도우,hyun****,2023-06-19,좋네요 잘 쓰고있어요,좋네요 잘 쓰고있어요,['https://phinf.pstatic.net/checkout/20230619_154/1687173532963XwlEA_JPEG/image.jpg']
5,SK하이닉스공식대리점 도우,wlsg****,2023-06-18,외장하드가 너무 느려서 추천받아서 샀는데 대만족입니다 ㅎ,외장하드가 너무 느려서 추천받아서 샀는데 대만족입니다 ㅎ,[]
5,SK하이닉스공식대리점 도우,fiec****,2023-06-18,속도도 기존에 다른 ssd하고 체감 됩니다.👍,속도도 기존에 다른 ssd하고 체감 됩니다.👍,[]
4,SK하이닉스공식대리점 도우,kimo****,2023-06-18,발열도 크게 없고 사이즈도 작고 좋은데 커버를 씌우면 c타입단자 구멍이 안맞습니다 제꺼 커버만 안맞는건지 다그런건지.... 다그런거라면 커버를 다시 만들어야될거 같습니다,"발열도 크게 없고 사이즈도 작고 좋은데
커버를 씌우면 c타입단자 구멍이 안맞습니다
제꺼 커버만 안맞는건지 다그런건지....
다그런거라면 커버를 다시 만들어야될거 같습니다",[]
5,SK하이닉스공식대리점 도우,tmdw****,2023-06-17,크기도 작고 디자인도 깔끔하네요! 외장ssd 처음 써보는데 파일 업로드 속도도 빨라서 컬쳐소크네요!,크기도 작고 디자인도 깔끔하네요! 외장ssd 처음 써보는데 파일 업로드 속도도 빨라서 컬쳐소크네요!,['https://phinf.pstatic.net/checkout/20230617_37/1687012499031VucfB_JPEG/AC6BE8EB-194E-4EE4-9AB3-20405F7E12FD.jpeg']
5,SK하이닉스공식대리점 도우,litt****,2023-06-17,아주 만족합니다. ^^ 속도도 빠르고 발열도 잘 관리되네요.,아주 만족합니다. ^^ 속도도 빠르고 발열도 잘 관리되네요.,[]
5,SK하이닉스공식대리점 도우,kimh****,2023-06-17,굿임니다 소형이라 휴대하기간편하고 성능도 좋네요,"굿임니다 소형이라 휴대하기
간편하고 성능도 좋네요",['https://phinf.pstatic.net/checkout/20230617_223/1686974656293g4Yqo_JPEG/20230616_144934.jpg']
5,SK하이닉스공식대리점 도우,perc****,2023-06-17,작고 귀엽네요~~ 성능은 사용해봐야 알거 같아요,작고 귀엽네요~~ 성능은 사용해봐야 알거 같아요,"['https://phinf.pstatic.net/checkout/20230617_298/1686984428062fg16a_JPEG/IMG_2175.jpeg', 'https://phinf.pstatic.net/checkout/20230617_91/1686984428332hJ68r_JPEG/IMG_2174.jpeg']"
5,SK하이닉스공식대리점 도우,wooj****,2023-06-17,속도 빠르고 인식 잘 되고 굿긋!,속도 빠르고 인식 잘 되고 굿긋!,[]
5,SK하이닉스공식대리점 도우,tjy9****,2023-06-17,만족스럽게 잘 쓰고 있습니다,만족스럽게 잘 쓰고 있습니다,['https://phinf.pstatic.net/checkout/20230617_191/1686974552379uNG6J_JPEG/20230518_142357.jpg']
5,SK하이닉스공식대리점 도우,3668****,2023-06-17,속도도 빠르고 엄청 자가요,속도도 빠르고 엄청 자가요,['https://phinf.pstatic.net/checkout/20230617_49/1686966981287ONNx9_JPEG/IMG_2686.jpeg']
5,SK하이닉스공식대리점 도우,h0y1****,2023-06-17,굿임다 잘쓰는중요 굿,굿임다 잘쓰는중요 굿,[]
5,G마켓,i*a*****,2023-06-17,작고 빠르고 좋네요,맘에듭니다 동봉된 케이스도 심플하고 좋네요. 속도도 빠릅니다,"['https://shopping-phinf.pstatic.net/20230620_7/23490030-0f89-40a8-b699-b1824f697625.jpg', 'https://shopping-phinf.pstatic.net/20230620_0/ac1108bd-084d-484e-ac99-1dbc254ed3bb.jpg', 'https://shopping-phinf.pstatic.net/20230620_16/4c1198d5-fefd-4bff-825d-fe3e051d927a.jpg']"
5,SK하이닉스공식대리점 도우,dora****,2023-06-17,속도가 너무 빠르고 들고 다니기도 좋아서 너무 좋아요,속도가 너무 빠르고 들고 다니기도 좋아서 너무 좋아요,['https://phinf.pstatic.net/checkout/20230617_130/1686971570468J5qGQ_JPEG/image.jpg']
5,이선디지탈,robi****,2023-06-16,기존 사용하던 외장하드가 고장나서 이왕 새로 구입하는거 좋은거로 구입했는데 만족합니다.배송 : 구입 다음날 내가 가장 좋아하는 우체국 택배로 빠르게 보내줘서 좋았어요상품 : 사용해,"기존 사용하던 외장하드가 고장나서 이왕 새로 구입하는거 좋은거로 구입했는데 만족합니다.
배송 : 구입 다음날 내가 가장 좋아하는 우체국 택배로 빠르게 보내줘서 좋았어요
상품 : 사용해보니 조그마한데 속도는 엄청 빠르네요
품질보증도 3년이나되서 좋습니다.","['https://phinf.pstatic.net/checkout/20230616_36/1686897394449PAUmn_JPEG/KakaoTalk_20230616_153118021_01.jpg', 'https://phinf.pstatic.net/checkout/20230616_210/1686897427587HnXx9_JPEG/KakaoTalk_20230616_153118021.jpg']"
5,SK하이닉스공식대리점 도우,kore****,2023-06-16,속도빠르고 가볍고 디자인도 이쁘네요 가드가함께줘서 실생활에 더욱좋은듯,속도빠르고 가볍고 디자인도 이쁘네요 가드가함께줘서 실생활에 더욱좋은듯,['https://phinf.pstatic.net/checkout/20230616_159/1686890044024yKeA6_JPEG/1686890025165.jpg']
5,SK하이닉스공식대리점 도우,enja****,2023-06-16,전송속도 빠르고 가볍고 크기가 작아서 좋음,전송속도 빠르고 가볍고 크기가 작아서 좋음,['https://phinf.pstatic.net/checkout/20230616_165/1686885562601uyRO4_JPEG/1686885536444.jpg']
5,SK하이닉스공식대리점 도우,ax22****,2023-06-16,좋아요 배송빠르고 물건도 좋네오,좋아요 배송빠르고 물건도 좋네오,"['https://phinf.pstatic.net/checkout/20230616_43/1686885930488JvusA_JPEG/IMG_0459.jpeg', 'https://phinf.pstatic.net/checkout/20230616_191/1686885931398NIL7Y_JPEG/IMG_0458.jpeg', 'https://phinf.pstatic.net/checkout/20230616_272/1686885931271vML4q_JPEG/IMG_0460.jpeg', 'https://phinf.pstatic.net/checkout/20230616_155/1686885931464pUDTP_JPEG/IMG_0457.jpeg']"
5,SK하이닉스공식대리점 도우,maan****,2023-06-16,뻐른속도 작은 ssd 휴대성 좋아요,뻐른속도 작은 ssd 휴대성 좋아요,['https://phinf.pstatic.net/checkout/20230616_14/1686917390257XxD4D_JPEG/IMG_2026.jpeg']
4,이선디지탈,good****,2023-06-16,생각보다 속도감이 느린것 같음,생각보다 속도감이 느린것 같음,[]
5,SK하이닉스공식대리점 도우,ff33****,2023-06-16,속도도 빠르고 너무 좋네요!,속도도 빠르고 너무 좋네요!,['https://phinf.pstatic.net/checkout/20230616_296/1686900701420OAhcI_JPEG/16869006927298196949112276949895.jpg']
5,SK하이닉스공식대리점 도우,maro****,2023-06-16,만족 오네가이시마스요,만족 오네가이시마스요,[]
5,SK하이닉스공식대리점 도우,sa50****,2023-06-16,배송이 빠르고 좋아요,배송이 빠르고 좋아요,[]
5,SK하이닉스공식대리점 도우,nwjd****,2023-06-15,기대이상입니다무게감도 디자인도 아주좋아요성능은 당연하겟져?,"기대이상입니다
무게감도 디자인도 아주좋아요
성능은 당연하겟져?",['https://phinf.pstatic.net/checkout/20230615_286/1686840044627viGFj_JPEG/IMG_7658.jpeg']
5,SK하이닉스공식대리점 도우,istr****,2023-06-15,너무 좋아서 다음에또 구매 하고싶어요,너무 좋아서 다음에또 구매 하고싶어요,[]
5,SK하이닉스공식대리점 도우,lds0****,2023-06-15,안전하게 잘 도착했습니다!,안전하게 잘 도착했습니다!,['https://phinf.pstatic.net/checkout/20230615_122/1686839785725hgqin_JPEG/image.jpg']
5,SK하이닉스공식대리점 도우,glor****,2023-06-15,맥에서 잘사용되고 좋아요!,맥에서 잘사용되고 좋아요!,[]
4,SK하이닉스공식대리점 도우,tpno****,2023-06-15,잘받아서요감사합ㄴ다~~,"잘받아서요
감사합ㄴ다~~",[]
5,SK하이닉스공식대리점 도우,alex****,2023-06-15,만족합니다 좋은제품 입니다!,만족합니다 좋은제품 입니다!,[]
4,SK하이닉스공식대리점 도우,shad****,2023-06-14,크기도 아담하고좋네요 초기불량만없기를...,크기도 아담하고좋네요 초기불량만없기를...,[]
5,SK하이닉스공식대리점 도우,twoz****,2023-06-14,성능도 좋고 넘 예뻐요,성능도 좋고 넘 예뻐요,[]
5,SK하이닉스공식대리점 도우,ecog****,2023-06-14,빠른배송 좋아요 ~~~,빠른배송 좋아요 ~~~,[]
5,SK하이닉스공식대리점 도우,tjsd****,2023-06-14,크기 아주 작아요.용량 넉넉해요.디자인 이뻐요.걍 좋아요.,"크기 아주 작아요.
용량 넉넉해요.
디자인 이뻐요.
걍 좋아요.",[]
5,이선디지탈,kwon****,2023-06-13,디자인도좋네요 휴대하기도좋고 문서용으로사용하는데 일기쓰기속도 빠르고 작지만좋은성능에매우만족스럽네요 적극추천합니다,디자인도좋네요 휴대하기도좋고 문서용으로사용하는데 일기쓰기속도 빠르고 작지만좋은성능에매우만족스럽네요 적극추천합니다,['https://phinf.pstatic.net/checkout/20230613_163/1686629073343zLD3K_JPEG/1686629061526.jpg']
5,11번가,sj******,2023-06-13,최고예요,"너무작아서 분실우려되네요^^노트북,개인pc백업용으로 구매했어요속도 빨라요 작고 예뻐요오래쓰면 좋겠네요",[]
5,SK하이닉스공식대리점 도우,lds8****,2023-06-13,"디자인, 속도, 사이즈 너무 맘에 들어요~","디자인, 속도, 사이즈 너무 맘에 들어요~",[]
5,SK하이닉스공식대리점 도우,tkgk****,2023-06-13,굳 아주좋아요 배송도 빠릅니다,굳 아주좋아요 배송도 빠릅니다,['https://phinf.pstatic.net/checkout/20230613_191/1686649043673lsvFi_JPEG/1686649010427.jpg']
5,SK하이닉스공식대리점 도우,art5****,2023-06-13,엄청빠르고 용량도 커서좋아요,엄청빠르고 용량도 커서좋아요,[]
5,SK하이닉스공식대리점 도우,jinq****,2023-06-13,배송도 빠르고 상품도 빠르고 너무 좋아요,배송도 빠르고 상품도 빠르고 너무 좋아요,[]
5,SK하이닉스공식대리점 도우,hyss****,2023-06-12,최고의 성능입니다.제품은 물론이고 범퍼도 아주 좋아요,"최고의 성능입니다.
제품은 물론이고 범퍼도 아주 좋아요",[]
5,SK하이닉스공식대리점 도우,kimd****,2023-06-12,사용하면서 불편함 없어요 내용 딱 필요한 물건입니다,"사용하면서 불편함 없어요
내용 딱 필요한 물건입니다",[]
5,SK하이닉스공식대리점 도우,hyeo****,2023-06-12,처음엔 케이스가 안맞았는데 지금은 잘 쓰는중,처음엔 케이스가 안맞았는데 지금은 잘 쓰는중,['https://phinf.pstatic.net/checkout/20230612_59/16865485340711Wsuj_JPEG/IMG_4777.jpeg']
5,SK하이닉스공식대리점 도우,myun****,2023-06-12,진짜 빠르고 좋네요 아이패드용으로 딱입니다,진짜 빠르고 좋네요 아이패드용으로 딱입니다,['https://phinf.pstatic.net/checkout/20230612_194/1686541992382O5jl2_JPEG/image.jpg']
5,SK하이닉스공식대리점 도우,enls****,2023-06-12,아담하고 가볍고 좋아요,아담하고 가볍고 좋아요,[]
5,SK하이닉스공식대리점 도우,cooi****,2023-06-12,감사합니다 잘쓸께요~,감사합니다 잘쓸께요~,[]
5,이선디지탈,yell****,2023-06-12,빠른 배송 감사합니다,빠른 배송 감사합니다,[]
3,SK하이닉스공식대리점 도우,jetm****,2023-06-12,배송 빨라요 어제 주문 다음날 배송완료,배송 빨라요 어제 주문 다음날 배송완료,[]
5,SK하이닉스공식대리점 도우,crys****,2023-06-11,잘받았습니다. 와이프가 직장에서 쓰려고 산거라 아직 사용은 안해봤는데 일단 외관은 아주 깜찍하네요 ㅋ충격방지용 범퍼도 들어있네요!문제없이 잘 사용할수 있을거라 기대합니다^^,잘받았습니다. 와이프가 직장에서 쓰려고 산거라 아직 사용은 안해봤는데 일단 외관은 아주 깜찍하네요 ㅋ충격방지용 범퍼도 들어있네요!문제없이 잘 사용할수 있을거라 기대합니다^^,['https://phinf.pstatic.net/checkout/20230611_92/1686450861285Wbv95_JPEG/20230611_111306.jpg']
5,SK하이닉스공식대리점 도우,obva****,2023-06-11,깔금하군요...데이터를 보고 주문 했는데 역시나...제품은 앙징 맞고연결 케이블까지 실하군요...더 큰 용량을 기다리며...잘 쓰겠습니다.,"깔금하군요...
데이터를 보고 주문 했는데 역시나...
제품은 앙징 맞고
연결 케이블까지 실하군요...
더 큰 용량을 기다리며...
잘 쓰겠습니다.",[]
5,SK하이닉스공식대리점 도우,kkh8****,2023-06-11,제품 무사히 잘 왔고 디자인 귀엽고 파일 전송 빨라서 놀랐네요,제품 무사히 잘 왔고 디자인 귀엽고 파일 전송 빨라서 놀랐네요,[]
5,SK하이닉스공식대리점 도우,phue****,2023-06-11,몸에 열이 많은 체질인데 땀도 차지 않고 좋은 것 같아요.,몸에 열이 많은 체질인데 땀도 차지 않고 좋은 것 같아요.,[]
5,SK하이닉스공식대리점 도우,star****,2023-06-11,디자인이 매우 맘에듭니다,디자인이 매우 맘에듭니다,[]
5,SK하이닉스공식대리점 도우,show****,2023-06-11,가벼움 속도짱 최고!!,가벼움 속도짱 최고!!,['https://phinf.pstatic.net/checkout/20230611_237/1686494761062Mf6NR_JPEG/20230611_234509.jpg']
5,SK하이닉스공식대리점 도우,znzn****,2023-06-11,"만족합니다. 가격도 좋거 용량, 휴대성, 속도 무엇보다 호환성도 깔끔합니다. 너무 좋아요","만족합니다. 가격도 좋거 용량, 휴대성, 속도
무엇보다 호환성도 깔끔합니다. 너무 좋아요",[]
5,SK하이닉스공식대리점 도우,cky2****,2023-06-11,외장하드만 쓰다가 처음으로 ssd구매했어요 대량 자료를 옮기기위해 구매했고 하이닉스 첫 외장ssd라 기대가큽니다,외장하드만 쓰다가 처음으로 ssd구매했어요 대량 자료를 옮기기위해 구매했고 하이닉스 첫 외장ssd라 기대가큽니다,['https://phinf.pstatic.net/checkout/20230611_291/1686453310266YYl3r_JPEG/image.jpg']
5,SK하이닉스공식대리점 도우,diwj****,2023-06-11,좋아용ㅤㅤㅤㅤㅤㅤㅤㅤㅤㅤㅤㅤㅤㅤㅤㅤㅤㅤㅤㅤㅤㅤㅤㅤㅤㅤㅤㅤㅤㅤㅤㅤㅤㅤㅤㅤㅤㅤㅤㅤㅤㅤㅤㅤㅤㅤㅤㅤ,좋아용ㅤㅤㅤㅤㅤㅤㅤㅤㅤㅤㅤㅤㅤㅤㅤㅤㅤㅤㅤㅤㅤㅤㅤㅤㅤㅤㅤㅤㅤㅤㅤㅤㅤㅤㅤㅤㅤㅤㅤㅤㅤㅤㅤㅤㅤㅤㅤㅤ,['https://phinf.pstatic.net/checkout/20230611_107/1686494699550jcPD4_JPEG/IMG_7193.jpeg']
5,SK하이닉스공식대리점 도우,akbs****,2023-06-10,"10여 년 전 사용하던 외장 하드가 드디어 고장이 났네요. 검색하니 하이닉스에서 나온 외장 ssd를 알게 되어 구매하였습니다. 아주 만족스럽습니다. 크기도 휴대하기 편리하게 작고,","10여 년 전 사용하던 외장 하드가 드디어 고장이 났네요. 검색하니 하이닉스에서 나온 외장 ssd를 알게 되어 구매하였습니다. 아주 만족스럽습니다. 크기도 휴대하기 편리하게 작고, 파일 전송 속도도 빠르고 며칠 사용한 만족도는 아주 좋아요. 중국 판매 ssd가 더 저렴하긴 하지만 믿을 수가 있어야지요. 이 제품도 오랬동안 사용해자겠지요! 아주 만족스럽습니다. 작고 빠르고 용량도 이정도면 적당하고. 잘 사용하겠습니다.",['https://phinf.pstatic.net/checkout/20230610_127/16863907510451voQV_JPEG/KakaoTalk_20230610_184629385.jpg']
5,SK하이닉스공식대리점 도우,kl02****,2023-06-10,빠르고 좋아요 지금까지 있던것보다 작은게 큰 장점이고 디자인도 나쁘지않아요문제는 큰 용량 옮길때 발열인데 일상생활하면서 발열 생길 일은 없을 것 같네요케이스나 파우치는 왠만한 차키,"빠르고 좋아요 지금까지 있던것보다 작은게 큰 장점이고 디자인도 나쁘지않아요
문제는 큰 용량 옮길때 발열인데 일상생활하면서 발열 생길 일은 없을 것 같네요
케이스나 파우치는 왠만한 차키 파우치 끼면 맞아요 ㅋㅋㅋ,,",[]
5,SK하이닉스공식대리점 도우,kyhs****,2023-06-10,모 유툽을 보고 마음에 들어 구매했는데 기대 이상으로 만족 더 큰 용량 제품이 출시되었으면 하는 바램...,모 유툽을 보고 마음에 들어 구매했는데 기대 이상으로 만족 더 큰 용량 제품이 출시되었으면 하는 바램...,[]
5,11번가,dd******,2023-06-10,최고예요,배송도 빠르고 전혀 문제 없어보여서 안심했습니다.남은건 제가 잘 쓰는 일 뿐이네요,[]
5,SK하이닉스공식대리점 도우,qorj****,2023-06-10,튼튼하고 좋아요. 쓰기 편하고 속도도 빨라요.,튼튼하고 좋아요. 쓰기 편하고 속도도 빨라요.,[]
5,SK하이닉스공식대리점 도우,key_****,2023-06-09,잇섭님 광고보고 구매해요. 작고 만족스럽네요. 단순 저장장치로 쓰고 있어서 그런지 계속 pc에 연결하고 있어도 옮길 때 말고는 열이 있는지 모르겠네요.,잇섭님 광고보고 구매해요. 작고 만족스럽네요. 단순 저장장치로 쓰고 있어서 그런지 계속 pc에 연결하고 있어도 옮길 때 말고는 열이 있는지 모르겠네요.,['https://phinf.pstatic.net/checkout/20230609_214/1686289748923wDqyV_JPEG/KakaoTalk_20230608_185044463.jpg']
5,11번가,r2******,2023-06-09,최고예요,새로나온 딱정벌레 모양의 ssd. 용량이 좀더 지원해줬으면 하는 아쉬움. 하지만 전송속도 성능은 보장,[]
5,이선디지탈,tige****,2023-06-09,작고 아담한 크기로 장난감 같네요. 작은 비누처럼 가볍고 작아서 손안에 들어와서 좋아요.,작고 아담한 크기로 장난감 같네요. 작은 비누처럼 가볍고 작아서 손안에 들어와서 좋아요.,['https://phinf.pstatic.net/checkout/20230609_73/1686284685117LlCd4_JPEG/1686284669971.jpg']
5,SK하이닉스공식대리점 도우,sung****,2023-06-09,작고 휴대하기 편하고 튼튼합니다. 다만 열이 나면 바로 느껴지고 선이 분리형이라 거추장 스러운게 거슬립니다.,작고 휴대하기 편하고 튼튼합니다. 다만 열이 나면 바로 느껴지고 선이 분리형이라 거추장 스러운게 거슬립니다.,['https://phinf.pstatic.net/checkout/20230609_95/1686262272901mMGjo_JPEG/image.jpg']
3,SK하이닉스공식대리점 도우,hanh****,2023-06-09,Cable 이 너무 짧다.보호커버가 아무 의미가 없다.배송은 빠르다.제품 속도는 빠르고 만족스럽다.,"Cable 이 너무 짧다.
보호커버가 아무 의미가 없다.
배송은 빠르다.
제품 속도는 빠르고 만족스럽다.",[]
5,SK하이닉스공식대리점 도우,love****,2023-06-09,잇섭님 리뷰로 알게되어 구매했는데 역시~~좋습니다 ㅎ,잇섭님 리뷰로 알게되어 구매했는데 역시~~좋습니다 ㅎ,[]
5,SK하이닉스공식대리점 도우,9076****,2023-06-09,배송도 빠르고 제품도 좋아요,배송도 빠르고 제품도 좋아요,[]
5,조이젠,kali****,2023-06-09,배송도 빠르고 상품도 좋네요,배송도 빠르고 상품도 좋네요,[]
5,SK하이닉스공식대리점 도우,a060****,2023-06-09,좋아요 너무좋네요~~~~,좋아요 너무좋네요~~~~,[]
5,SK하이닉스공식대리점 도우,seey****,2023-06-09,속도 빠르고 최고에요,속도 빠르고 최고에요,[]
5,SK하이닉스공식대리점 도우,2613****,2023-06-09,작다는건 알았는데 카드지갑보다 작네요ㄷㄷㄷ,작다는건 알았는데 카드지갑보다 작네요ㄷㄷㄷ,[]
5,SK하이닉스공식대리점 도우,akin****,2023-06-08,"엄청 빨리 배송해 주시고, 질문에 대해서도 친절하게 상담해 주셔서 감사합니다. 좋은 제품 잘 사용하겠습니다. 생각보다 작은 사이즈에 놀라고, USB-C, USB type 케이블 두","엄청 빨리 배송해 주시고, 질문에 대해서도 친절하게 상담해 주셔서 감사합니다. 좋은 제품 잘 사용하겠습니다. 생각보다 작은 사이즈에 놀라고, USB-C, USB type 케이블 두개가 같이 있어 컴퓨터에 따라 다른 케이블을 연결할 수 있어 좋은 것 같습니다! 대만족입니다.","['https://phinf.pstatic.net/checkout/20230608_74/1686188582753ADq62_JPEG/DSC00944.jpg', 'https://phinf.pstatic.net/checkout/20230608_7/1686188582792tIfak_JPEG/DSC00943.jpg', 'https://phinf.pstatic.net/checkout/20230608_79/1686188582867d9lPb_JPEG/DSC00942.jpg']"
5,SK하이닉스공식대리점 도우,wldu****,2023-06-08,배송 빨라요!마우스 보다도 작은 크기에 케이블도 ctoc랑 usb포트 연결할 수 있는 걸로 두개 주시고 플라스틱 케이스도 들어있어서 너무 만족합니다 2테라 짜리도 있으면 재구매하고,"배송 빨라요!
마우스 보다도 작은 크기에 케이블도 ctoc랑 usb포트 연결할 수 있는 걸로 두개 주시고 플라스틱 케이스도 들어있어서 너무 만족합니다 2테라 짜리도 있으면 재구매하고 싶어요!!! 잘 쓸게요",['https://phinf.pstatic.net/checkout/20230608_159/1686187981076yykqG_JPEG/IMG_1194.jpeg']
5,옥션,b*k*****,2023-06-08,빠른 배송 감사. 작은 사이즈에 인식도 빨리 됩니다. ...,"빠른 배송 감사. 작은 사이즈에 인식도 빨리 됩니다. 사용상에 따른 입출력 속도, 발열 사항등은 어떨지 모르지만 테크니칼 자료를 믿어야조. 국산품이라 믿음이 갑니다.",[]
5,SK하이닉스공식대리점 도우,gwon****,2023-06-08,대용걍 파일을 저장하기 위해 구매했습니다. 전에 쓰던 외장 하드보다 빠르고 작은 조약돌 크기로 굉장히 가볍습니다.검색해서 뜨길래 바로 주문하길 잘했네요.,"대용걍 파일을 저장하기 위해 구매했습니다. 전에 쓰던 외장 하드보다 빠르고 작은 조약돌 크기로 굉장히 가볍습니다.
검색해서 뜨길래 바로 주문하길 잘했네요.","['https://phinf.pstatic.net/checkout/20230608_182/1686193639342ts0L3_JPEG/20230608_115107.jpg', 'https://phinf.pstatic.net/checkout/20230608_158/1686193639553GzEzu_JPEG/20230608_114936.jpg']"
5,SK하이닉스공식대리점 도우,shin****,2023-06-08,작고 가볍고 ㅋ 맥이나 윈도우 둘다 호환이 잘 되네요. ssd라 읽는 속도도 빠르고 좋아요^^,작고 가볍고 ㅋ 맥이나 윈도우 둘다 호환이 잘 되네요. ssd라 읽는 속도도 빠르고 좋아요^^,"['https://phinf.pstatic.net/checkout/20230608_16/1686230961922w3o3d_JPEG/PXL_20230607_092042332.jpg', 'https://phinf.pstatic.net/checkout/20230608_24/16862309621113OYJ2_JPEG/PXL_20230607_092058043.jpg', 'https://phinf.pstatic.net/checkout/20230608_190/1686230962171r49n7_JPEG/PXL_20230607_092146615.jpg']"
5,SK하이닉스공식대리점 도우,wonh****,2023-06-08,sk하이닉스에서 나온 첫 외장SSD라서 기대하구 구입했습니다. 사용느낌은 상당히 잘 나온 제품이네요. 만족하구 씁니다. 무엇보다 크기가 작아서 맘에 드네요.,"sk하이닉스에서 나온 첫 외장SSD라서 기대하구 구입했습니다. 사용느낌은 상당히 잘 나온 제품이네요.
만족하구 씁니다. 무엇보다 크기가 작아서 맘에 드네요.",['https://phinf.pstatic.net/checkout/20230608_229/1686214111878Gn3PY_JPEG/image3.jpeg']
5,SK하이닉스공식대리점 도우,tomm****,2023-06-08,진짜 쵝오 믿고 쓰는 SK SSD 용량도 넉넉해서 좋아용,진짜 쵝오 믿고 쓰는 SK SSD 용량도 넉넉해서 좋아용,[]
5,조이젠,hoon****,2023-06-08,크기 완전 작은데 1T에요.케이스도 있네요,"크기 완전 작은데 1T에요.
케이스도 있네요",['https://phinf.pstatic.net/checkout/20230608_174/1686216164343npiYz_JPEG/20230608_181804.jpg']
5,SK하이닉스공식대리점 도우,appa****,2023-06-08,작고 가벼워서 휴대하기 좋아요!,작고 가벼워서 휴대하기 좋아요!,[]
5,옥션,c*c*****,2023-06-08,신속발송 감사합니다,신속발송 감사합니다,[]
5,옥션,h*s*****,2023-06-08,빠른 배송에 감사...,빠른 배송에 감사...,[]
5,옥션,s*s*****,2023-06-08,만족합니다.,만족합니다.,[]
5,G마켓,h*l*****,2023-06-08,성능 좋은 SSD 저장장치네요.,"카드보다 지은 사이즈지만 1T의 대용량 저장장치이고, 속도도 빠르네요. 배송도 빠르고요.","['https://shopping-phinf.pstatic.net/20230611_8/108d1b98-6a57-4e7b-93c9-d74923187226.jpg', 'https://shopping-phinf.pstatic.net/20230611_9/71e2c38f-cce2-4130-bb38-7b67fa2aab39.jpg']"
4,SK하이닉스공식대리점 도우,amar****,2023-06-07,작고 가볍고 휴대하기 좋아요.하우징에 메탈 질감이 나지 않는게 고급스러움을 떨어뜨리는 것 같아 다소 아쉽네요.,"작고 가볍고 휴대하기 좋아요.
하우징에 메탈 질감이 나지 않는게 고급스러움을 떨어뜨리는 것 같아 다소 아쉽네요.",[]
5,SK하이닉스공식대리점 도우,mobi****,2023-06-07,잘 받았습니다 빠르고 좋아요,잘 받았습니다 빠르고 좋아요,[]
5,SK하이닉스공식대리점 도우,jhu0****,2023-06-07,좋습니다. 하이닉스 믿고써요,좋습니다. 하이닉스 믿고써요,[]
5,SK하이닉스공식대리점 도우,ljj8****,2023-06-07,작고 좋네요 잘쓰겠습니다~,작고 좋네요 잘쓰겠습니다~,['https://phinf.pstatic.net/checkout/20230607_138/1686107810863UskfC_JPEG/20230607_121239.jpg']
5,SK하이닉스공식대리점 도우,akfk****,2023-06-07,만족스러운 상품입니다.,만족스러운 상품입니다.,[]
5,SK하이닉스공식대리점 도우,epac****,2023-06-07,기본 구성품 빠방하고 튼튼하고 이쁜데 속도도 빠르고 좋네요,기본 구성품 빠방하고 튼튼하고 이쁜데 속도도 빠르고 좋네요,['https://phinf.pstatic.net/checkout/20230607_222/1686100136539Lz63j_JPEG/IMG_8568.jpeg']
5,컴퓨존,dkra****,2023-06-07,업체대리구매건으로 샀는데 만족하고있습니다. 감사합니다.,"업체대리구매건으로 샀는데 만족하고있습니다.
감사합니다.",[]
5,SK하이닉스공식대리점 도우,kjg0****,2023-06-06,잇섭유튜브 보고 구매했습니다 m.2를 외장하드로 만들까 생각중이였는데다행히 ssd 가격이 하락해서바로 구매했습니다 확실히 속도 좋고와이프 영상 및 문서저장용으로 샀습니다사이즈 작아,"잇섭유튜브 보고 구매했습니다
m.2를 외장하드로 만들까 생각중이였는데

다행히 ssd 가격이 하락해서
바로 구매했습니다 확실히 속도 좋고
와이프 영상 및 문서저장용으로 샀습니다
딱 좋고 속도도 일반인 체감 상 오 엄청 빠른데 정도의 다운 속도입니다 2기가 온라인 다이렉트 다운 속도 1분미만이고 hdd에서 옮기는속도 또한 비슷한 체감입니다

고민하지말고 사십숑
굳이 단점은 케이스 씨우고나니..ㅎㅎ 케이블 입구 단자가 큰거는 케이스에 걸리네요ㅎ 그외 ㅎㅎ ??? 정도입니다 굿굿",['https://phinf.pstatic.net/checkout/20230606_243/1686027672058nllWH_JPEG/20230606_135130.jpg']
5,SK하이닉스공식대리점 도우,belo****,2023-06-06,속도도 빠르고 안정감있게 잘 사용하고 있습니다.,속도도 빠르고 안정감있게 잘 사용하고 있습니다.,[]
5,SK하이닉스공식대리점 도우,beau****,2023-06-06,디자인이 콤팩트해서 맘에 들었습니다,디자인이 콤팩트해서 맘에 들었습니다,[]
5,SK하이닉스공식대리점 도우,blue****,2023-06-06,성능도 좋고 이쁘네요,성능도 좋고 이쁘네요,[]
5,SK하이닉스공식대리점 도우,rkrn****,2023-06-05,작고 이뻐요 휴대에 용이함 ㅋㅋ,작고 이뻐요 휴대에 용이함 ㅋㅋ,['https://phinf.pstatic.net/checkout/20230605_58/1685975122029dJ9Dm_JPEG/image.jpg']
5,SK하이닉스공식대리점 도우,tara****,2023-06-05,배송 빠르고 제품도 훌륭합니다,배송 빠르고 제품도 훌륭합니다,[]
5,SK하이닉스공식대리점 도우,mhxu****,2023-06-04,배송도 빠르고 크기도 정말 작네요! 이정도면 휴대하기에도 불편함이 없을 것 같아요,배송도 빠르고 크기도 정말 작네요! 이정도면 휴대하기에도 불편함이 없을 것 같아요,['https://phinf.pstatic.net/checkout/20230604_158/1685851514359TH1E3_JPEG/image.jpg']
5,SK하이닉스공식대리점 도우,hsm2****,2023-06-04,Ssd를 이가격에살수잇으면 이득이죠 작고컴포트한게딱이네요,Ssd를 이가격에살수잇으면 이득이죠 작고컴포트한게딱이네요,[]
5,SK하이닉스공식대리점 도우,dami****,2023-06-04,속도도 빠르고 무엇보다 작아서 휴대하기 좋습니다,속도도 빠르고 무엇보다 작아서 휴대하기 좋습니다,['https://phinf.pstatic.net/checkout/20230604_218/1685808842911ljm4J_JPEG/20230604_011010.jpg']
5,SK하이닉스공식대리점 도우,youn****,2023-06-04,배송짱 빠름 글고 전송속도도 빠름,배송짱 빠름 글고 전송속도도 빠름,[]
5,SK하이닉스공식대리점 도우,cjy8****,2023-06-03,빠른 배송 좋았고요! 완충 뽁뽁이 포장도 잘 되어있었네요!잇섭님 리뷰와 퀘이사존 리뷰처럼 외장 SSD 조그만게 디자인 잘 나와서 이쁘네요! 스크래치 방지 용도의 범퍼 케이스 제공,"빠른 배송 좋았고요!
완충 뽁뽁이 포장도 잘 되어있었네요!
잇섭님 리뷰와 퀘이사존 리뷰처럼 외장 SSD 조그만게 디자인 잘 나와서 이쁘네요!
스크래치 방지 용도의 범퍼 케이스 제공 좋습니다!
무엇보다 D램 포함된 외장 SSD라는게 마음에 드는군요! 포장 구성 자체도 골드 P31 SSD랑 비슷하면서도 이게 더 고급스럽습니다!
골드 P31 SSD처럼 X31 외장 SSD도 !","['https://phinf.pstatic.net/checkout/20230603_8/1685751830643r3R10_JPEG/IMG_20230603_083350.jpg', 'https://phinf.pstatic.net/checkout/20230603_174/1685751830658LWwxn_JPEG/IMG_20230603_083746.jpg', 'https://phinf.pstatic.net/checkout/20230603_39/1685751831174hIciI_JPEG/IMG_20230603_083756.jpg', 'https://phinf.pstatic.net/checkout/20230603_236/1685751831875nV0sn_JPEG/IMG_20230603_083858.jpg', 'https://phinf.pstatic.net/checkout/20230603_175/1685751832040IQ2VE_JPEG/IMG_20230603_083922.jpg']"
5,SK하이닉스공식대리점 도우,s227****,2023-06-03,잘 받았습니다!배송도 빨랐고 크기도 작네요,"잘 받았습니다!

배송도 빨랐고 크기도 작네요",['https://phinf.pstatic.net/checkout/20230603_69/1685799009967hCyJP_JPEG/IMG_4719.jpeg']
5,SK하이닉스공식대리점 도우,tous****,2023-06-03,속도도 빠르고 발열도 적당합니다,속도도 빠르고 발열도 적당합니다,[]
5,SK하이닉스공식대리점 도우,jjii****,2023-06-03,작고 빠르고 귀엽고 조아요,작고 빠르고 귀엽고 조아요,['https://phinf.pstatic.net/checkout/20230603_247/1685781093149N9784_JPEG/image.jpg']
5,SK하이닉스공식대리점 도우,tjrr****,2023-06-03,작고 쓰기 간편합니다,작고 쓰기 간편합니다,['https://phinf.pstatic.net/checkout/20230603_26/1685784976545mnf2G_JPEG/image.jpg']
5,SK하이닉스공식대리점 도우,evol****,2023-06-03,빠르고 좋아요~~~,빠르고 좋아요~~~,['https://phinf.pstatic.net/checkout/20230603_44/1685766161122FQ9bt_JPEG/IMG_2216.jpeg']
5,SK하이닉스공식대리점 도우,hdh2****,2023-06-02,외장ssd 처음써보는데 디작인 심플하고 사이즈도 작고 전송 속도빠르고 너무좋습니다.,외장ssd 처음써보는데 디작인 심플하고 사이즈도 작고 전송 속도빠르고 너무좋습니다.,"['https://phinf.pstatic.net/checkout/20230602_113/1685696143069VYieL_JPEG/KakaoTalk_20230602_175327933_02.jpg', 'https://phinf.pstatic.net/checkout/20230602_298/1685696143091M83t9_JPEG/KakaoTalk_20230602_175327933_03.jpg']"
5,SK하이닉스공식대리점 도우,seng****,2023-06-02,외장ssd 처음으로 구매했습니다. 유명 유투버가 소개해서 구매했어요. 외장 hdd만 써봤는데 훨씬 작고 가볍고 빠르네요 삼* 외장 hdd 1tb랑 가격이 비슷하던데 훨씬 잘산 것,외장ssd 처음으로 구매했습니다. 유명 유투버가 소개해서 구매했어요. 외장 hdd만 써봤는데 훨씬 작고 가볍고 빠르네요 삼* 외장 hdd 1tb랑 가격이 비슷하던데 훨씬 잘산 것 같아요 추천해요.,[]
5,컴퓨존,rlao****,2023-06-02,배송빠르고 좋네요생긴게 흔하지 않아 좋아요,"배송빠르고 좋네요
생긴게 흔하지 않아 좋아요",[]
5,SK하이닉스공식대리점 도우,aagg****,2023-06-02,배송도 빠르고 제품 이상없습니당~,배송도 빠르고 제품 이상없습니당~,[]
5,SK하이닉스공식대리점 도우,akim****,2023-06-02,아담한 크기 빠른배송 만족합니다.,아담한 크기 빠른배송 만족합니다.,['https://phinf.pstatic.net/checkout/20230602_115/1685701588253v52nF_JPEG/20230531_185232.jpg']
5,SK하이닉스공식대리점 도우,euro****,2023-06-02,뭐그냥 최고아니겠어유,뭐그냥 최고아니겠어유,[]
5,SK하이닉스공식대리점 도우,gyuh****,2023-06-02,작고 아주 빠릅니다.,작고 아주 빠릅니다.,['https://phinf.pstatic.net/checkout/20230602_121/1685673727930w8wao_JPEG/038C0455-C219-4C35-9560-80E5A5AB21DA.jpeg']
5,SK하이닉스공식대리점 도우,t714****,2023-06-02,아주좋아요 만족합니다. ㅎㅎ 생각보다 작아서 놀랐습니다. ㅎ,아주좋아요 만족합니다. ㅎㅎ 생각보다 작아서 놀랐습니다. ㅎ,['https://phinf.pstatic.net/checkout/20230602_89/1685667773440WjhPa_JPEG/16856677477543794575644896528541.jpg']
4,SK하이닉스공식대리점 도우,jins****,2023-06-01,"- 장점 : D램탑재,속도 빠르고 크기가 작아서 휴대하기 편하다.- 단점 : 1. 구성품에 실리콘 케이스를 넣어주는데 케이스 크기 설계를 잘못했는지 끼운채 연결하려고하면 잘 안들어","- 장점 : D램탑재,속도 빠르고 크기가 작아서 휴대하기 편하다.
- 단점 :
1. 구성품에 실리콘 케이스를 넣어주는데 케이스 크기 설계를 잘못했는지 끼운채 연결하려고하면 잘 안들어감 아예 빼고 쓰는게 더 편함.
2. 실리콘 케이스를 빼고 아예 들고다니기 편하게 파우치를 구성품에 넣어줬음 좋겟음.
3. USB 연결 케이블 선이 대략 25cm라 매우 짧음.",[]
5,SK하이닉스공식대리점 도우,yong****,2023-06-01,"너무 좋네요~ 작고, 속도 빠르고. 케이블도 2가지 타입 들어있구요. 만족합니다. 참고로 포맷은 exfat 타입으로 되어 있어서 맥과 윈도우에서 읽고/쓰기 모두 가능합니다.","너무 좋네요~ 작고, 속도 빠르고. 케이블도 2가지 타입 들어있구요. 만족합니다. 참고로 포맷은 exfat 타입으로 되어 있어서 맥과 윈도우에서 읽고/쓰기 모두 가능합니다.","['https://phinf.pstatic.net/checkout/20230601_225/1685604196175c6Ivq_JPEG/KakaoTalk_20230601_162127641_02.jpg', 'https://phinf.pstatic.net/checkout/20230601_227/1685604215761LCvzG_JPEG/KakaoTalk_20230601_162127641_01.jpg']"
5,SK하이닉스공식대리점 도우,keh7****,2023-06-01,작아서 휴대성도 좋고 심플하니 마음에 들어요^^,작아서 휴대성도 좋고 심플하니 마음에 들어요^^,['https://phinf.pstatic.net/checkout/20230601_135/1685606087059NvtrO_JPEG/20230601_165330.jpg']
5,SK하이닉스공식대리점 도우,52so****,2023-06-01,사이즈가 정말작고 속도도 매우빠르네요!,사이즈가 정말작고 속도도 매우빠르네요!,['https://phinf.pstatic.net/checkout/20230601_192/1685575414074FXd1R_JPEG/IMG_4451.jpeg']
5,SK하이닉스공식대리점 도우,news****,2023-06-01,배송 빠르고외장하드 또한 만족스럽다,"배송 빠르고
외장하드 또한 만족스럽다","['https://phinf.pstatic.net/checkout/20230601_256/1685623251193gPpKG_JPEG/IMG_4288.jpeg', 'https://phinf.pstatic.net/checkout/20230601_80/1685623254075saWq5_JPEG/IMG_4289.jpeg']"
5,SK하이닉스공식대리점 도우,ekst****,2023-06-01,역시 믿고사는 SK 하이닉스입니다.!,역시 믿고사는 SK 하이닉스입니다.!,[]
4,SK하이닉스공식대리점 도우,pcpc****,2023-06-01,가볍고 속도가 빨라서 쓰기좋네요,가볍고 속도가 빨라서 쓰기좋네요,['https://phinf.pstatic.net/checkout/20230601_212/16856162324515GSm8_JPEG/20230601_194307.jpg']
4,SK하이닉스공식대리점 도우,yhyh****,2023-06-01,만듬새가 좋습니다.,만듬새가 좋습니다.,[]
4,SK하이닉스공식대리점 도우,xzas****,2023-06-01,ssd 디자인 신기,ssd 디자인 신기,[]
5,SK하이닉스공식대리점 도우,juhe****,2023-06-01,속도면 속도 사이즈 모두 만족 합니다,속도면 속도 사이즈 모두 만족 합니다,[]
5,SK하이닉스공식대리점 도우,zamb****,2023-05-31,잇섭님 유튜브 보고 구매했는데 완전 만족합니다.속도 잘 나오고 특히 하이닉스직영이라 배송 빠르고A/S 워런티까지 마음에 드네요. 외장하드 고민하시는분에게는 매우 추천합니다. 참고로,"잇섭님 유튜브 보고 구매했는데 완전 만족합니다.
속도 잘 나오고 특히 하이닉스직영이라 배송 빠르고
A/S 워런티까지 마음에 드네요. 외장하드 고민하시는
분에게는 매우 추천합니다. 참고로 제 컴퓨터에서는
내장 하이닉스 p31 외부 하이닉스 x31로 usb 3.1 gen2 (10g) 이동하는데 평균 700에서 800정도
이며 내부에서 자체 사용시는 900에서 1,000 정도 나옵니다.^^ .",['https://phinf.pstatic.net/checkout/20230531_31/1685519537215PglTK_JPEG/KakaoTalk_20230531_164710498.jpg']
5,SK하이닉스공식대리점 도우,tjs_****,2023-05-31,작고 가벼워서 좋아요. 속도도 역시 빠릅니다! 발열있으면 조금 느려진대도 나쁘지 않은 편에 속해요,작고 가벼워서 좋아요. 속도도 역시 빠릅니다! 발열있으면 조금 느려진대도 나쁘지 않은 편에 속해요,['https://phinf.pstatic.net/checkout/20230531_300/1685491733783UMTmG_JPEG/IMG_8885.jpeg']
5,SK하이닉스공식대리점 도우,oh62****,2023-05-31,배송 무지빠르고.손안에 쏙들어오는 아담하고 귀여운 디자인입니다.잘사용할게요,배송 무지빠르고.손안에 쏙들어오는 아담하고 귀여운 디자인입니다.잘사용할게요,[]
5,SK하이닉스공식대리점 도우,ehdg****,2023-05-31,생각보다 훨씬작아서 너무 좋구 속도도 빠르네요.투명케이스는 약간 안맞는거 같은데 그냥 끼고 씋만하네요,"생각보다 훨씬작아서 너무 좋구 속도도 빠르네요.
투명케이스는 약간 안맞는거 같은데 그냥 끼고 씋만하네요",['https://phinf.pstatic.net/checkout/20230531_121/1685531669024OlnT9_JPEG/EF6FBCD2-3C64-4F3B-928B-B87ADF8CBF21.jpeg']
5,SK하이닉스공식대리점 도우,ghos****,2023-05-31,조금전에 받았어요케이스 끼우고.. 아직 써보지못했지만 성능이 기대됩니다^^,"조금전에 받았어요
케이스 끼우고.. 아직 써보지못했지만 성능이 기대됩니다^^",['https://phinf.pstatic.net/checkout/20230531_276/1685503452928ExQ5k_JPEG/20230531_122249.jpg']
5,SK하이닉스공식대리점 도우,jilo****,2023-05-31,"넘 깜찍, 기능은 아직 모르지만 사이즈와 디자인, 박스 포장에 반함","넘 깜찍, 기능은 아직 모르지만 사이즈와 디자인, 박스 포장에 반함",['https://phinf.pstatic.net/checkout/20230531_256/16854962203890K6SV_JPEG/KakaoTalk_20230531_102148140_05.jpg']
5,SK하이닉스공식대리점 도우,dal_****,2023-05-31,작동 이상없습니다 이쁘네요 ㅎㅎ,작동 이상없습니다 이쁘네요 ㅎㅎ,[]
5,SK하이닉스공식대리점 도우,park****,2023-05-31,좋네요 잘쓰겠습니다 많이 파세요,좋네요 잘쓰겠습니다 많이 파세요,['https://phinf.pstatic.net/checkout/20230531_173/1685511889296vanLT_JPEG/20230531_141018.jpg']
5,SK하이닉스공식대리점 도우,smlo****,2023-05-31,배송빠르고 포장도 잘했네요~,배송빠르고 포장도 잘했네요~,['https://phinf.pstatic.net/checkout/20230531_229/16855202662211xuN5_JPEG/ssd.jpg']
5,SK하이닉스공식대리점 도우,hsmg****,2023-05-31,제품 빠르게 잘 받았습니다,제품 빠르게 잘 받았습니다,[]
4,SK하이닉스공식대리점 도우,weon****,2023-05-31,작은데 성능이 괜찮아요,작은데 성능이 괜찮아요,['https://phinf.pstatic.net/checkout/20230531_166/1685537210862EyfYf_JPEG/1685537196766.jpg']
5,옥션,w*n*****,2023-05-31,좋아요,좋아요,['https://shopping-phinf.pstatic.net/20230603_24/f0d97c1c-8d1a-4b64-8dd4-64a98115e663.jpg']
5,SK하이닉스공식대리점 도우,medi****,2023-05-30,작고 가벼워서 휴대성 👍 속도도 만족스럽고 디자인은 심플한게 제 취향이네요 가추합니다,작고 가벼워서 휴대성 👍 속도도 만족스럽고 디자인은 심플한게 제 취향이네요 가추합니다,['https://phinf.pstatic.net/checkout/20230530_149/1685445722351aJgN1_JPEG/PayApp_20230530_202151_3997775470955999063.jpg']
5,SK하이닉스공식대리점 도우,kang****,2023-05-30,속도도 빠른것 같고 크기도 작아서 좋아요,속도도 빠른것 같고 크기도 작아서 좋아요,['https://phinf.pstatic.net/checkout/20230530_62/16854555484935usjw_JPEG/20230523_123445.jpg']
5,SK하이닉스공식대리점 도우,sash****,2023-05-30,딱정벌레 한마리가 왔네요 ㅎㅎ 귀여워용,딱정벌레 한마리가 왔네요 ㅎㅎ 귀여워용,['https://phinf.pstatic.net/checkout/20230530_60/1685426101176fVXen_JPEG/20230530_113641.jpg']
5,SK하이닉스공식대리점 도우,naba****,2023-05-30,배송은 보통. 제품은 좋다고 생각합니다. 보호케이스는 좋은 아이디어입니다.,배송은 보통. 제품은 좋다고 생각합니다. 보호케이스는 좋은 아이디어입니다.,[]
2,SK하이닉스공식대리점 도우,side****,2023-05-30,제품이 생각보다 가볍지 않네요..,제품이 생각보다 가볍지 않네요..,['https://phinf.pstatic.net/checkout/20230530_29/1685452979078FWdWa_JPEG/20230523_133331.jpg']
5,SK하이닉스공식대리점 도우,nowo****,2023-05-30,빠른배송과 디자인 좋아요,빠른배송과 디자인 좋아요,[]
5,SK하이닉스공식대리점 도우,ks01****,2023-05-30,걱정없이 잘 쓸거같아요,걱정없이 잘 쓸거같아요,[]
5,SK하이닉스공식대리점 도우,ujp6****,2023-05-30,빠르게 잘 받았습니다.감사합니다!,"빠르게 잘 받았습니다.
감사합니다!",['https://phinf.pstatic.net/checkout/20230530_20/1685436197172cDg6B_JPEG/KakaoTalk_20230530_174306358.jpg']
5,SK하이닉스공식대리점 도우,kasi****,2023-05-30,배송 빠르고 하드 속도도 빠르고 작고 가볍고.....,배송 빠르고 하드 속도도 빠르고 작고 가볍고.....,[]
5,SK하이닉스공식대리점 도우,hezr****,2023-05-29,"유튜브보다 구입하게 되었네요. 크기도 콤팩트해서 휴대하기 좋고, 속도도 빨라서 휴대용 저장장치로는 아주 딱이네요. 앞으로 2TB도 출시되었으면 좋겠어요.","유튜브보다 구입하게 되었네요. 크기도 콤팩트해서 휴대하기 좋고, 속도도 빨라서 휴대용 저장장치로는 아주 딱이네요. 앞으로 2TB도 출시되었으면 좋겠어요.",['https://phinf.pstatic.net/checkout/20230529_137/1685337830227RFvao_JPEG/20230528_192922.jpg']
5,SK하이닉스공식대리점 도우,only****,2023-05-29,아주 퍼펙트한 제품입니다다만 보호용으로 주신 투명 케이스가 아다리가 좀 안 맞네요제품 자체는 아주 굿,"아주 퍼펙트한 제품입니다
다만 보호용으로 주신 투명 케이스가 아다리가 좀 안 맞네요
제품 자체는 아주 굿",[]
5,SK하이닉스공식대리점 도우,plan****,2023-05-29,배송빠르고 색상도 이쁘고 좋아요,배송빠르고 색상도 이쁘고 좋아요,['https://phinf.pstatic.net/checkout/20230529_65/16853263056237U9pc_JPEG/20230526_114630.jpg']
5,SK하이닉스공식대리점 도우,pj00****,2023-05-28,"사이즈가 정말 작고, 여느 다른 외장하드보다 속도도 빠르네요.용량이 1TB보다 더 큰게 있으면하는 바램이네요.","사이즈가 정말 작고, 여느 다른 외장하드보다 속도도 빠르네요.
용량이 1TB보다 더 큰게 있으면하는 바램이네요.",[]
5,SK하이닉스공식대리점 도우,sswo****,2023-05-28,완전 대만족이요! 제품은 물론 배송도 너무 빨라요!,완전 대만족이요! 제품은 물론 배송도 너무 빨라요!,[]
5,SK하이닉스공식대리점 도우,skie****,2023-05-28,아주 만족하고 좋아요 최곱니다,아주 만족하고 좋아요 최곱니다,[]
5,SK하이닉스공식대리점 도우,chan****,2023-05-28,배송 엄청 빠릅니다.마침 필요했는데 유튜브보고 바로 질렀습니다.,"배송 엄청 빠릅니다.
마침 필요했는데 유튜브보고 바로 질렀습니다.",['https://phinf.pstatic.net/checkout/20230528_162/1685252498020C27qh_JPEG/20230527_124556.jpg']
5,SK하이닉스공식대리점 도우,s-ho****,2023-05-28,잘받았습니다 좋은제품 싸게 구매했어요~^^감사합니다 ~^^ 좋은하루되세요 ~~,"잘받았습니다
좋은제품 싸게 구매했어요~^^
감사합니다 ~^^
좋은하루되세요 ~~",['https://phinf.pstatic.net/checkout/20230528_289/1685267274745k8Msg_JPEG/20230528_184651.jpg']
5,SK하이닉스공식대리점 도우,targ****,2023-05-27,배송이 빠르게 와서 좋았네요.크기가 작고 색상도 괜찮게 보이네요.보호 케이스가 있어서 좀더 안전하게 사용할 수 있을 듯...,"배송이 빠르게 와서 좋았네요.
크기가 작고 색상도 괜찮게 보이네요.
보호 케이스가 있어서 좀더 안전하게 사용할 수 있을 듯...","['https://phinf.pstatic.net/checkout/20230527_21/1685162823968czQrt_JPEG/IMG_2014.jpg', 'https://phinf.pstatic.net/checkout/20230527_226/1685163086724gIsot_JPEG/IMG_2016.jpg']"
5,SK하이닉스공식대리점 도우,chik****,2023-05-27,배송도 완전 빠르고 손 안에 쏙 들어가고 무게감도 엄청 가벼우며 넘 깜찍한 사이즈예요..,배송도 완전 빠르고 손 안에 쏙 들어가고 무게감도 엄청 가벼우며 넘 깜찍한 사이즈예요..,['https://phinf.pstatic.net/checkout/20230527_102/16851691996033wUe4_JPEG/IMG_1134.jpeg']
5,SK하이닉스공식대리점 도우,ibug****,2023-05-27,외장 SSD는 처음인데 USB랑 차원이틀린 속도~~~,외장 SSD는 처음인데 USB랑 차원이틀린 속도~~~,[]
5,SK하이닉스공식대리점 도우,food****,2023-05-27,생각보다 작고 케이블도 2개나 둬서 좋아요,생각보다 작고 케이블도 2개나 둬서 좋아요,['https://phinf.pstatic.net/checkout/20230527_40/1685165801820Ih5Fw_JPEG/1685165796692.jpg']
5,SK하이닉스공식대리점 도우,wjde****,2023-05-27,케이스 있고 상태 좋고굿,케이스 있고 상태 좋고굿,['https://phinf.pstatic.net/checkout/20230527_184/1685157662991D4C90_JPEG/1685157650489.jpg']
5,SK하이닉스공식대리점 도우,stur****,2023-05-26,속도 완전 빠르면서 크기는 작아서 휴대하기 펀합니다. 보다 더 큰 용량도 나오면 좋겠어요,속도 완전 빠르면서 크기는 작아서 휴대하기 펀합니다. 보다 더 큰 용량도 나오면 좋겠어요,[]
5,SK하이닉스공식대리점 도우,ehdg****,2023-05-26,잇섭님 영상보고 샀는데 너무 빠르고 좋아요 hhd쓰다가 ssd로 넘어오니 신세계네여,잇섭님 영상보고 샀는데 너무 빠르고 좋아요 hhd쓰다가 ssd로 넘어오니 신세계네여,['https://phinf.pstatic.net/checkout/20230526_122/1685071453745GGP3C_JPEG/IMG_6333.jpeg']
5,SK하이닉스공식대리점 도우,acwz****,2023-05-26,고무 커버가 앞뒤옆면이 틀려서 잘못끼우면 케이블이 접속이ㅜ안됨 ㅋㅋ,고무 커버가 앞뒤옆면이 틀려서 잘못끼우면 케이블이 접속이ㅜ안됨 ㅋㅋ,[]
4,SK하이닉스공식대리점 도우,seou****,2023-05-26,가볍고 작아서 휴대가 편리합니다.,가볍고 작아서 휴대가 편리합니다.,[]
5,SK하이닉스공식대리점 도우,nois****,2023-05-26,예상했던 것 만큼 만족했습니다.,예상했던 것 만큼 만족했습니다.,['https://phinf.pstatic.net/checkout/20230526_193/16850676464715IxXH_JPEG/KakaoTalk_Photo_2023-05-26-11-19-11.jpeg']
5,SK하이닉스공식대리점 도우,rokl****,2023-05-26,빠르고 좋네요 사이즈도 작고,빠르고 좋네요 사이즈도 작고,[]
5,SK하이닉스공식대리점 도우,7600****,2023-05-26,빠른배송 대만족합니다,빠른배송 대만족합니다,[]
5,SK하이닉스공식대리점 도우,twoz****,2023-05-26,작고 성능도 좋아요,작고 성능도 좋아요,[]
5,SK하이닉스공식대리점 도우,drea****,2023-05-26,배송이 빠릅니다...,배송이 빠릅니다...,[]
5,SK하이닉스공식대리점 도우,4412****,2023-05-26,아쉬운 부분이 없는 적절하고 적절한 SSD인것 같습니다.짱!,"아쉬운 부분이 없는 적절하고 적절한 SSD인것 같습니다.
짱!",['https://phinf.pstatic.net/checkout/20230526_112/16850628841422TN36_JPEG/IMG_3569.jpeg']
5,SK하이닉스공식대리점 도우,rlad****,2023-05-26,우체국 배송이라 배송아주빠르고전송속도 빠르고 크기도 일반마우스보다 작아서 들고다니기도 좋아요,"우체국 배송이라 배송아주빠르고
전송속도 빠르고 크기도 일반마우스보다 작아서
들고다니기도 좋아요",[]
4,SK하이닉스공식대리점 도우,chun****,2023-05-25,남편이 구입한건데 외부미팅시 사용할려고 구입했어요USB대용으로 1테라짜리를 작고 가볍게 휴대하기 좋아서 아주 만족스럽다고 남펴니가 그러네요,남편이 구입한건데 외부미팅시 사용할려고 구입했어요USB대용으로 1테라짜리를 작고 가볍게 휴대하기 좋아서 아주 만족스럽다고 남펴니가 그러네요,['https://phinf.pstatic.net/checkout/20230525_80/1685001262380wQ1pY_JPEG/KakaoTalk_20230525_165059602.jpg']
4,SK하이닉스공식대리점 도우,momo****,2023-05-25,"크기가 작고 디자인이 이쁩니다. 파우치가 없는게 조금 아쉽지만 범퍼가 있어서 나름 괜찮습니다. 다만, 파일 몇개 옮기다보니 발열이 조금 심하긴 합니다. 발열관리하는게 조금 문제겠네","크기가 작고 디자인이 이쁩니다. 파우치가 없는게 조금 아쉽지만 범퍼가 있어서 나름 괜찮습니다. 다만, 파일 몇개 옮기다보니 발열이 조금 심하긴 합니다. 발열관리하는게 조금 문제겠네요.",['https://phinf.pstatic.net/checkout/20230525_219/16849973713208nt92_JPEG/KakaoTalk_20230525_154748741.jpg']
5,SK하이닉스공식대리점 도우,toto****,2023-05-25,좋아요. 하이닉스에서 처음 나온 외장 ssd 오래 사용하고 싶습니다!,좋아요. 하이닉스에서 처음 나온 외장 ssd 오래 사용하고 싶습니다!,[]
5,SK하이닉스공식대리점 도우,slip****,2023-05-25,속도도 잘나오고 크기나 사용성 다 만족합니다,속도도 잘나오고 크기나 사용성 다 만족합니다,[]
5,SK하이닉스공식대리점 도우,jang****,2023-05-25,크기가 작고 속도도 빠릅니다.,크기가 작고 속도도 빠릅니다.,[]
5,SK하이닉스공식대리점 도우,ha2h****,2023-05-25,제품 속도 빠르고 좋습니다.,제품 속도 빠르고 좋습니다.,[]
5,SK하이닉스공식대리점 도우,jung****,2023-05-25,잘 사용하고 있습니다,잘 사용하고 있습니다,['https://phinf.pstatic.net/checkout/20230525_113/1685003579409S9Wc8_JPEG/image.jpg']
5,SK하이닉스공식대리점 도우,0324****,2023-05-25,작고 빠르고 온도도 착하고 좋습니다. 케이스는 덤 ㅎㅎㅎ,작고 빠르고 온도도 착하고 좋습니다. 케이스는 덤 ㅎㅎㅎ,[]
5,SK하이닉스공식대리점 도우,ehdr****,2023-05-25,배송이 엄청 빠르네요,배송이 엄청 빠르네요,[]
4,SK하이닉스공식대리점 도우,ikb0****,2023-05-25,모양이 풍뎅이 모양이라 마음에 들어요,모양이 풍뎅이 모양이라 마음에 들어요,['https://phinf.pstatic.net/checkout/20230525_97/1685016134607SSbP7_JPEG/1685015647619.jpg']
5,SK하이닉스공식대리점 도우,cosm****,2023-05-25,배송이 빠릅니다 감사합니다,배송이 빠릅니다 감사합니다,['https://phinf.pstatic.net/checkout/20230525_141/1684999635617UXSQv_JPEG/20230523_110052.jpg']
5,SK하이닉스공식대리점 도우,long****,2023-05-24,작지만 강한 성능과 디자인도 마음에 들고 좋아요~박스에 있는 풍뎅이 디자인을 스티커로 하나 넣어서 윗면에 붙일 수 있게 했더라면 더 이쁘지 않을까 하는 생각 해봤네요...,"작지만 강한 성능과 디자인도 마음에 들고 좋아요~
박스에 있는 풍뎅이 디자인을 스티커로 하나 넣어서 윗면에 붙일 수 있게 했더라면 더 이쁘지 않을까 하는 생각 해봤네요...",[]
5,SK하이닉스공식대리점 도우,kyjk****,2023-05-24,확실히 갓성비 오지고 지리고 레릿고잃어먹지만 않는다면 이만한 외장은 못찾을듯요,"확실히 갓성비 오지고 지리고 레릿고
잃어먹지만 않는다면 이만한 외장은 못찾을듯요",[]
5,SK하이닉스공식대리점 도우,whdt****,2023-05-24,안그래도 하나 사려고 고민중이었는데 잇섭님 믿고 갑니다,안그래도 하나 사려고 고민중이었는데 잇섭님 믿고 갑니다,['https://phinf.pstatic.net/checkout/20230524_295/1684936915762gGdX8_JPEG/image.jpg']
5,SK하이닉스공식대리점 도우,grea****,2023-05-24,디자인이 심플하고 발열이 생긱보다 적어서만족합니다,"디자인이 심플하고 발열이 생긱보다 적어서
만족합니다",[]
5,SK하이닉스공식대리점 도우,psyd****,2023-05-24,빠른배송 꼼꼼한 포장 좋아요 번창하세요,빠른배송 꼼꼼한 포장 좋아요 번창하세요,[]
5,SK하이닉스공식대리점 도우,ytoo****,2023-05-24,상세페이지와 같고 아주 잘 작동합니다.,상세페이지와 같고 아주 잘 작동합니다.,[]
5,SK하이닉스공식대리점 도우,taka****,2023-05-24,일단 빠르고 작아서 휴대하기도 좋아요!,일단 빠르고 작아서 휴대하기도 좋아요!,[]
5,SK하이닉스공식대리점 도우,fine****,2023-05-24,외장하드에 비해작고 빨라서 좋네요,"외장하드에 비해
작고 빨라서 좋네요",[]
5,SK하이닉스공식대리점 도우,ghso****,2023-05-24,참 좋네요. 오래쓰겠너요,참 좋네요. 오래쓰겠너요,[]
5,SK하이닉스공식대리점 도우,mmr7****,2023-05-24,빠른 배송 감사했습니다.,빠른 배송 감사했습니다.,[]
5,SK하이닉스공식대리점 도우,roma****,2023-05-24,완전 쬬맨한게~이쁘네요~만족만족~성능체크 해봅니다~,완전 쬬맨한게~이쁘네요~만족만족~성능체크 해봅니다~,"['https://phinf.pstatic.net/checkout/20230524_244/1684891533114EFY8e_JPEG/IMG_4480.jpeg', 'https://phinf.pstatic.net/checkout/20230524_22/1684891534262HOajW_JPEG/IMG_4481.jpeg']"
4,SK하이닉스공식대리점 도우,geni****,2023-05-24,콤펙트하고 좋습니다.구성품도 훌륭합니다.사용해보고 한달 후기 올리겠습니다.,"콤펙트하고 좋습니다.
구성품도 훌륭합니다.
사용해보고 한달 후기 올리겠습니다.",['https://phinf.pstatic.net/checkout/20230524_256/1684890328395okxIP_JPEG/KakaoTalk_20230524_100411419.jpg']
5,SK하이닉스공식대리점 도우,yjh7****,2023-05-24,디자인도 만족하고 속도도 만족합니다,디자인도 만족하고 속도도 만족합니다,['https://phinf.pstatic.net/checkout/20230524_100/1684910357854HNIm7_JPEG/1684910341255.jpg']
5,SK하이닉스공식대리점 도우,cad0****,2023-05-24,빠른배송 감사합니다.받자마자 바로 사용하는데 디자인이나 크기나 너무 만족합니다.좋은제품 추천합니다.,"빠른배송 감사합니다.
받자마자 바로 사용하는데 디자인이나 크기나 너무 만족합니다.
좋은제품 추천합니다.","['https://phinf.pstatic.net/checkout/20230524_10/1684891009572aG9KB_JPEG/1684890997018.jpg', 'https://phinf.pstatic.net/checkout/20230524_37/16848910248695m7cq_JPEG/1684891015161.jpg']"
5,SK하이닉스공식대리점 도우,dbsw****,2023-05-23,"디자인 좋고, 크기도 콤팩트하고 속도도 빠르네요","디자인 좋고, 크기도 콤팩트하고 속도도 빠르네요",[]
5,SK하이닉스공식대리점 도우,kaos****,2023-05-23,굿이에요 속도빠르고 아담하고 귀엽슴돠 ㅎ,굿이에요 속도빠르고 아담하고 귀엽슴돠 ㅎ,"['https://phinf.pstatic.net/checkout/20230523_94/16848292985941LRVM_JPEG/20230523_124528.jpg', 'https://phinf.pstatic.net/checkout/20230523_156/1684829307995h0TSO_JPEG/20230523_124634.jpg']"
5,SK하이닉스공식대리점 도우,kimj****,2023-05-23,좋아요 크기도 작고 귀엽게 생겼어요,좋아요 크기도 작고 귀엽게 생겼어요,[]
5,SK하이닉스공식대리점 도우,chon****,2023-05-23,속도 빠르고 일정하고 좋아요,속도 빠르고 일정하고 좋아요,['https://phinf.pstatic.net/checkout/20230523_139/16848396659110sjwG_JPEG/20230523_195802.jpg']
5,SK하이닉스공식대리점 도우,hoth****,2023-05-23,잘받았습니다! 작고 이쁘네요 미끄럽긴합니다,잘받았습니다! 작고 이쁘네요 미끄럽긴합니다,['https://phinf.pstatic.net/checkout/20230523_217/1684836752755FicKt_JPEG/571986B4-DDDA-431C-BD85-E55D0A72F099.jpeg']
5,SK하이닉스공식대리점 도우,hors****,2023-05-23,처음 사용하는건데 사용하기도 편하고 속도도 빨라서 너무너무 만족합니다~~~,처음 사용하는건데 사용하기도 편하고 속도도 빨라서 너무너무 만족합니다~~~,[]
5,SK하이닉스공식대리점 도우,saib****,2023-05-23,배송빠르고 작고 좋네요 감사합니다,배송빠르고 작고 좋네요 감사합니다,['https://phinf.pstatic.net/checkout/20230523_236/16848454584359PRpi_JPEG/IMG_5770.jpeg']
5,SK하이닉스공식대리점 도우,suki****,2023-05-23,속도도 만족스럽고 가격도 만족스럽습니다,속도도 만족스럽고 가격도 만족스럽습니다,[]
4,SK하이닉스공식대리점 도우,happ****,2023-05-22,신품 디자인도 예쁘고 전송 속도도 적당하고 가볍고 예쁜데 케이블과 같이 휴대할 캐이스는 별도 구입해야해서 아쉽네요… 완충역할해주는 외장하드 젤캐이스는 센스 있고 좋아요,신품 디자인도 예쁘고 전송 속도도 적당하고 가볍고 예쁜데 케이블과 같이 휴대할 캐이스는 별도 구입해야해서 아쉽네요… 완충역할해주는 외장하드 젤캐이스는 센스 있고 좋아요~,"['https://phinf.pstatic.net/checkout/20230522_110/1684719937885CA1i4_JPEG/IMG_7178.jpeg', 'https://phinf.pstatic.net/checkout/20230522_280/1684719938653brl1y_JPEG/IMG_7177.jpeg']"
4,SK하이닉스공식대리점 도우,seas****,2023-05-22,크기 작고 가볍고 속도도 빠릅니다. 단! 대용량 데이터 이동시 발열이 아쉬워요. 선풍기나 다른걸로 발열만 잡아주면 가성비 최고일껍니다.,크기 작고 가볍고 속도도 빠릅니다. 단! 대용량 데이터 이동시 발열이 아쉬워요. 선풍기나 다른걸로 발열만 잡아주면 가성비 최고일껍니다.,['https://phinf.pstatic.net/checkout/20230522_154/1684738718028bN9iN_JPEG/image.jpg']
5,SK하이닉스공식대리점 도우,k811****,2023-05-22,마침 SSD가 필요했는데 잇섭 리뷰를 보고 구매손안에 쏙들어가는 사이즈에 속도등 모두 만족,"마침 SSD가 필요했는데 잇섭 리뷰를 보고 구매
손안에 쏙들어가는 사이즈에 속도등 모두 만족",[]
5,SK하이닉스공식대리점 도우,so_j****,2023-05-22,성능 좋은 SK SSD 외장하드를 합리적인 가격에 사서 좋네요!,성능 좋은 SK SSD 외장하드를 합리적인 가격에 사서 좋네요!,[]
5,SK하이닉스공식대리점 도우,bahw****,2023-05-22,좋아요 작고 이쁘네요 속도도 잘 나옵니다,좋아요 작고 이쁘네요 속도도 잘 나옵니다,['https://phinf.pstatic.net/checkout/20230522_146/1684730353253yS88y_JPEG/20230522_082940.jpg']
5,SK하이닉스공식대리점 도우,win0****,2023-05-22,예뻐서 좋습니다. 잘쓸게요,예뻐서 좋습니다. 잘쓸게요,[]
5,SK하이닉스공식대리점 도우,adon****,2023-05-22,배송이 빠르고 좋습니다,배송이 빠르고 좋습니다,[]
5,SK하이닉스공식대리점 도우,bell****,2023-05-22,엄청작아요 만족합니다,엄청작아요 만족합니다,['https://phinf.pstatic.net/checkout/20230522_234/1684723413618zPyAl_JPEG/1684723326738.jpg']
5,SK하이닉스공식대리점 도우,ian0****,2023-05-22,빠르고 정말 좋아요 생긴거도 정말 작고 이뻐요,빠르고 정말 좋아요 생긴거도 정말 작고 이뻐요,[]
5,SK하이닉스공식대리점 도우,0211****,2023-05-22,와 ㄹㅇ 빠르네요.. 13만원 진짜 아깝지 않습니다,와 ㄹㅇ 빠르네요.. 13만원 진짜 아깝지 않습니다,[]
5,SK하이닉스공식대리점 도우,ian0****,2023-05-21,속도 디자인 다 만족스럽습니다!다만 아쉬운거는... 2테라가 없어서 1테라 2개를 삿다는점..! 그래도 너무 이뻐요,"속도 디자인 다 만족스럽습니다!
다만 아쉬운거는... 2테라가 없어서 1테라 2개를 삿다는점..! 그래도 너무 이뻐요",['https://phinf.pstatic.net/checkout/20230521_198/16846430006965OVx1_JPEG/1684642975179.jpg']
5,SK하이닉스공식대리점 도우,chir****,2023-05-21,용량도 많고 사이즈도 컴팩트해서 휴대하기도 좋고 속도도 빠르고 좋네요,용량도 많고 사이즈도 컴팩트해서 휴대하기도 좋고 속도도 빠르고 좋네요,[]
5,SK하이닉스공식대리점 도우,kkp0****,2023-05-21,사이즈도 작아서 좋고 작동도 빠르게 됩니다정말 좋아요,"사이즈도 작아서 좋고 작동도 빠르게 됩니다
정말 좋아요",['https://phinf.pstatic.net/checkout/20230521_160/1684641391833yKgYl_JPEG/image.jpg']
5,SK하이닉스공식대리점 도우,luck****,2023-05-21,빠르다 좋다 다음에도 구매하고싶다,빠르다 좋다 다음에도 구매하고싶다,[]
5,SK하이닉스공식대리점 도우,ilov****,2023-05-21,가볍고 작고 속도감 너무 좋습니다.,가볍고 작고 속도감 너무 좋습니다.,[]
5,SK하이닉스공식대리점 도우,yoon****,2023-05-21,크기도 작고 인식률도 좋습니다.,크기도 작고 인식률도 좋습니다.,['https://phinf.pstatic.net/checkout/20230521_8/1684635545476PPiqW_JPEG/IMG_2662.jpeg']
5,SK하이닉스공식대리점 도우,ekyu****,2023-05-21,역시 믿고 구입하는 잇썹의 정보,역시 믿고 구입하는 잇썹의 정보,[]
5,SK하이닉스공식대리점 도우,whit****,2023-05-21,배송 빠르고 제품도 좋습니다.,배송 빠르고 제품도 좋습니다.,[]
5,SK하이닉스공식대리점 도우,zkff****,2023-05-21,매우만족합니다. 굿이에요.,매우만족합니다. 굿이에요.,"['https://phinf.pstatic.net/checkout/20230521_300/1684671379350GHcXS_JPEG/20230520_115309.jpg', 'https://phinf.pstatic.net/checkout/20230521_256/1684671379423AQthO_JPEG/20230520_115409.jpg']"
4,SK하이닉스공식대리점 도우,thin****,2023-05-21,속도 빠르고 괜찮은 디자인,속도 빠르고 괜찮은 디자인,[]
5,SK하이닉스공식대리점 도우,hyos****,2023-05-21,정말 빠르게 저장되네요,정말 빠르게 저장되네요,['https://phinf.pstatic.net/checkout/20230521_150/16846311522079TTRK_JPEG/image.jpg']
5,SK하이닉스공식대리점 도우,wind****,2023-05-21,빠르고 작고 가벼움,빠르고 작고 가벼움,[]
5,SK하이닉스공식대리점 도우,minw****,2023-05-21,배송 빠르고 좋아영,배송 빠르고 좋아영,['https://phinf.pstatic.net/checkout/20230521_132/1684654859872udAKB_JPEG/4E484B13-C9A2-4B7B-B9BE-ED32DC439537.jpeg']
5,SK하이닉스공식대리점 도우,tthh****,2023-05-20,"배송은 하루만에 왔고, 워낙 p31이 마음에 들어서 잇섭 유투브 보고 바로 질렀네요.샌디스크꺼보다 좋은거 같아요.","배송은 하루만에 왔고, 워낙 p31이 마음에 들어서 잇섭 유투브 보고 바로 질렀네요.
샌디스크꺼보다 좋은거 같아요.","['https://phinf.pstatic.net/checkout/20230520_231/1684571184980pKjl2_JPEG/IMG_0633.jpeg', 'https://phinf.pstatic.net/checkout/20230520_5/1684571184954fMWiK_JPEG/IMG_0642.jpeg', 'https://phinf.pstatic.net/checkout/20230520_188/1684571185233quory_JPEG/IMG_0641.jpeg', 'https://phinf.pstatic.net/checkout/20230520_148/1684571185215jkAEL_JPEG/IMG_0634.jpeg', 'https://phinf.pstatic.net/checkout/20230520_112/16845711854773i5st_JPEG/IMG_0640.jpeg']"
5,SK하이닉스공식대리점 도우,ttib****,2023-05-20,리뷰 보니 속도 빠른듯하고 성능은 문제없는듯합니다외형이 호불호가 있을 수 있는데 전 별 감흥 없네요무게는 가볍고 좋네요,"리뷰 보니 속도 빠른듯하고 성능은 문제없는듯합니다
외형이 호불호가 있을 수 있는데 전 별 감흥 없네요
무게는 가볍고 좋네요","['https://phinf.pstatic.net/checkout/20230520_280/1684583150969yweOl_JPEG/IMG_5027.jpeg', 'https://phinf.pstatic.net/checkout/20230520_60/1684583150976HPIhc_JPEG/IMG_5028.jpeg']"
5,SK하이닉스공식대리점 도우,lesg****,2023-05-20,금풍뎅이!!!급하게 옴길때 작으면서 강려크한 놈을 만난거같네요! 잘쓸께요,"금풍뎅이!!!
급하게 옴길때 작으면서 강려크한 놈을 만난거같네요! 잘쓸께요",['https://phinf.pstatic.net/checkout/20230520_221/1684563098035dNLdL_JPEG/1684563089695.jpg']
5,SK하이닉스공식대리점 도우,wngk****,2023-05-20,말 안해도 지금 ssd중에서 이가격은 없는거 같아요.,말 안해도 지금 ssd중에서 이가격은 없는거 같아요.,['https://phinf.pstatic.net/checkout/20230520_169/1684567385716cY6mg_JPEG/D78FEBD9-68DF-4A93-B9F8-8563B0819B7D.jpeg']
5,SK하이닉스공식대리점 도우,muu0****,2023-05-20,사이즈며 성능이며 정말 맘에 듭니다,사이즈며 성능이며 정말 맘에 듭니다,[]
5,SK하이닉스공식대리점 도우,love****,2023-05-20,잘받았습니다 잇섭님 리뷰보고 구매했는데 진짜 좋으네용 최고입니다,잘받았습니다 잇섭님 리뷰보고 구매했는데 진짜 좋으네용 최고입니다,['https://phinf.pstatic.net/checkout/20230520_208/1684557677369jlXvd_JPEG/20230520_124404.jpg']
5,SK하이닉스공식대리점 도우,lhjw****,2023-05-20,배송 빠르고 좋아요~~~~,배송 빠르고 좋아요~~~~,['https://phinf.pstatic.net/checkout/20230520_300/1684552997158FF4UF_JPEG/20230520_094810.jpg']
5,SK하이닉스공식대리점 도우,ysh3****,2023-05-19,안그래도 외장 ssd 용량이 부족해서 기다리고 있다가 잇섭님 영상보고 구매했는데 배송도 빠르고 오자마자 테스트 해보니까 속도도 빨라서 좋아요,안그래도 외장 ssd 용량이 부족해서 기다리고 있다가 잇섭님 영상보고 구매했는데 배송도 빠르고 오자마자 테스트 해보니까 속도도 빨라서 좋아요,['https://phinf.pstatic.net/checkout/20230519_223/1684422077958qN03C_JPEG/20230519_000023.jpg']
5,SK하이닉스공식대리점 도우,jhkk****,2023-05-19,외장하드 전 부터 살려고 마음 만 먹고있었는데 잇섭님 유튜브보고 믿음이가서 바로 구매했어요.일단 컴터연결해보고 이상없는지만 확인했는데 좋은거같아요.잘 쓸께요^^,외장하드 전 부터 살려고 마음 만 먹고있었는데 잇섭님 유튜브보고 믿음이가서 바로 구매했어요.일단 컴터연결해보고 이상없는지만 확인했는데 좋은거같아요.잘 쓸께요^^,['https://phinf.pstatic.net/checkout/20230519_281/1684507000230n4LeP_JPEG/IMG_7339.jpeg']
5,SK하이닉스공식대리점 도우,juny****,2023-05-19,잇섭님 유튜브를 보고 구매를 하게되었습니다.사이즈가 작아서 휴대하기 정말좋고 c to c 와 c to usb 케이블을 모두 줘서 좋은 것 같습니다. 속도도 양호하게 잘 나오고 매우,"잇섭님 유튜브를 보고 구매를 하게되었습니다.
사이즈가 작아서 휴대하기 정말좋고 c to c 와 c to usb 케이블을 모두 줘서 좋은 것 같습니다. 속도도 양호하게 잘 나오고 매우 만족합니다.","['https://phinf.pstatic.net/checkout/20230519_145/1684492413913mSMHH_JPEG/IMG_5352.jpeg', 'https://phinf.pstatic.net/checkout/20230519_129/1684492414608uNIXJ_JPEG/IMG_5354.jpeg', 'https://phinf.pstatic.net/checkout/20230519_62/1684492414877o5qhw_JPEG/IMG_5355.jpeg', 'https://phinf.pstatic.net/checkout/20230519_184/1684492414372cpeoa_JPEG/IMG_5367.jpeg', 'https://phinf.pstatic.net/checkout/20230519_98/1684492414376DprYy_JPEG/IMG_5365.jpeg']"
5,SK하이닉스공식대리점 도우,pooh****,2023-05-19,상품도 좋고 배송도 빨라요 굿강추합니다,"상품도 좋고 배송도 빨라요 굿
강추합니다",[]
5,SK하이닉스공식대리점 도우,hool****,2023-05-19,속도가 빠르고 크기가 작아서 좋네요,속도가 빠르고 크기가 작아서 좋네요,['https://phinf.pstatic.net/checkout/20230519_212/1684457993661LLWyV_JPEG/20230518_201051.jpg']
5,SK하이닉스공식대리점 도우,qus1****,2023-05-19,빠른 배송 상품도 만족스럽습니다,빠른 배송 상품도 만족스럽습니다,[]
5,SK하이닉스공식대리점 도우,ksy0****,2023-05-19,배송이 빠르고 작동이 잘되네요,배송이 빠르고 작동이 잘되네요,[]
5,SK하이닉스공식대리점 도우,bell****,2023-05-19,배송도 빠르고 성능도 좋습니다,배송도 빠르고 성능도 좋습니다,['https://phinf.pstatic.net/checkout/20230519_43/16844726644277DV7Y_JPEG/20230519_140312.jpg']
4,11번가,jo******,2023-05-19,좋아요,광고처럼 빛나디않아서 좀 실망,[]
5,컴퓨존,dsoa****,2023-05-19,속도도 빠르고 이뿌고 좋아요!!,속도도 빠르고 이뿌고 좋아요!!,['https://phinf.pstatic.net/checkout/20230519_89/1684476906523Iep3n_JPEG/20230519_151309.jpg']
5,SK하이닉스공식대리점 도우,anga****,2023-05-19,배송빠르고 좋아여 잘쓸게여,배송빠르고 좋아여 잘쓸게여,[]
5,컴퓨존,lcer****,2023-05-19,좋아요 좋군요 좋습니다!!!,좋아요 좋군요 좋습니다!!!,['https://phinf.pstatic.net/checkout/20230519_259/1684493857168FuomT_JPEG/IMG_4719.jpeg']
5,SK하이닉스공식대리점 도우,apq3****,2023-05-19,빠른 배송에 만족합니다.,빠른 배송에 만족합니다.,['https://phinf.pstatic.net/checkout/20230519_143/1684451351897zo4bk_JPEG/11.JPG']
5,SK하이닉스공식대리점 도우,pkpk****,2023-05-19,배송도 빠르고 좋아요,배송도 빠르고 좋아요,['https://phinf.pstatic.net/checkout/20230519_7/1684481098561dI4Bn_JPEG/1684481080802.jpg']
5,SK하이닉스공식대리점 도우,boy_****,2023-05-19,깔끔하게 잘 왔어요,깔끔하게 잘 왔어요,"['https://phinf.pstatic.net/checkout/20230519_71/1684484674615qCk67_JPEG/20230519_172306.jpg', 'https://phinf.pstatic.net/checkout/20230519_43/16844846854472BQ4g_JPEG/20230519_172257.jpg']"
5,옥션,h*n*****,2023-05-19,감사합니다.,감사합니다.,[]
5,SK하이닉스공식대리점 도우,samj****,2023-05-19,1테라 메모리인데 엄청 작아서 놀랐습니다. 가격도 나쁘지 않고 메모리가격이 싸다는데 이번에 구매하기 좋은 적기인거 같습니다.,1테라 메모리인데 엄청 작아서 놀랐습니다. 가격도 나쁘지 않고 메모리가격이 싸다는데 이번에 구매하기 좋은 적기인거 같습니다.,[]
5,SK하이닉스공식대리점 도우,nam2****,2023-05-19,디자인 이쁩니다성능도 괜춘합니다,"디자인 이쁩니다
성능도 괜춘합니다",['https://phinf.pstatic.net/checkout/20230519_235/1684465692918fcwcF_JPEG/20230518_205721.jpg']
5,SK하이닉스공식대리점 도우,baia****,2023-05-19,속도가 빠릅니다.크기도 작습니다.,"속도가 빠릅니다.
크기도 작습니다.",[]
5,SK하이닉스공식대리점 도우,last****,2023-05-18,"마침 필요하다 생각하고 있기도 했던 차에 잇섭님의 광고를 보고 바로 구매 결정. 하루만에 받았습니다. 자세한 상품평은 잇섭님이 다 하셨지만, 일반적?으로 외장하드를 사용하는 사람","마침 필요하다 생각하고 있기도 했던 차에 잇섭님의 광고를 보고 바로 구매 결정. 하루만에 받았습니다. 자세한 상품평은 잇섭님이 다 하셨지만, 일반적?으로 외장하드를 사용하는 사람 입장으로서는 컴팩트함이 주는 장점이 가장 큰 것 같습니다. 무선이어폰 충전케이스 정도되는 크기의 빠른 1Tb 외장하드. 어제 주문해서 오늘 받은지라 더 써봐야 자세히 알 수 있겠습니다만, 외부에서 데이터 작업을 할 일이 많은 저로서는 내일이 많이 기대됩니다.","['https://phinf.pstatic.net/checkout/20230518_172/16843830129469TiDs_JPEG/20230518_122506.jpg', 'https://phinf.pstatic.net/checkout/20230518_143/1684383023958WQ8uH_JPEG/20230518_122738.jpg', 'https://phinf.pstatic.net/checkout/20230518_198/1684383032490XpIn4_JPEG/1684382800920.jpg', 'https://phinf.pstatic.net/checkout/20230518_36/1684383049013snmHI_JPEG/20230518_122932.jpg']"
5,SK하이닉스공식대리점 도우,qhdr****,2023-05-18,잇섭님 유트브 보고 외장SSD찾다가 바로 구매했는데 하루만에 왔네요 ㅎㅎ 크기도 앙증맞아서 휴대성도 좋고 전문가가 아니라 빠른건지 모르겠지만 7기가 정도 되는 용량 옮겨 봤는데 1,"잇섭님 유트브 보고 외장SSD찾다가 바로 구매했는데 하루만에 왔네요 ㅎㅎ 크기도 앙증맞아서 휴대성도 좋고 전문가가 아니라 빠른건지 모르겠지만 7기가 정도 되는 용량 옮겨 봤는데 10초도 안걸리네요! 저는 완전 맘에 들어요 용량도 1테라라 넉넉하고
아 동봉된 범퍼 케이스랑 케이블은 재질 때문에 때가 잘 탈것 같지만 그거 빼곤 좋아요 ㅋㅋ
잘 써보겠습니다!","['https://phinf.pstatic.net/checkout/20230518_264/1684382424829jMTad_JPEG/98F80A47-0614-4396-B04C-4955906698FB.jpeg', 'https://phinf.pstatic.net/checkout/20230518_64/1684382425137nEj4J_JPEG/43B80646-B8B5-4441-B0BF-CE0F899D3215.jpeg', 'https://phinf.pstatic.net/checkout/20230518_67/1684382425444BkvRd_JPEG/8704B66D-0FED-4617-B7E4-8436DCC17B8D.jpeg']"
4,SK하이닉스공식대리점 도우,sene****,2023-05-18,작동 잘 되며 자료 백업용으로 샀습니다.315기가 옴기는데 빠르긴 하네요.남들은 전기 공급 문제로 HDD에 보관 하라고 하는데아니 그냥 몇달에 한번씩 연결하면 될텐데 뭐가 문제인지,"작동 잘 되며 자료 백업용으로 샀습니다.
315기가 옴기는데 빠르긴 하네요.
남들은 전기 공급 문제로 HDD에 보관 하라고 하는데
아니 그냥 몇달에 한번씩 연결하면 될텐데 뭐가 문제인지 잘..모르겠네요.
불만인점은 기본 부속 된 캐이블 너무짧아서 불만이네요 컴퓨터에 연결하니 들려요","['https://phinf.pstatic.net/checkout/20230518_156/1684379921338Tr6sf_JPEG/20230518_121652.jpg', 'https://phinf.pstatic.net/checkout/20230518_28/1684379921305uKmB7_JPEG/20230518_120457.jpg']"
5,SK하이닉스공식대리점 도우,cosm****,2023-05-18,사이즈 작고 아담하고 디자인도 잡기 편할 뿐만 아니라 둥근게 귀엽습니다.제품 마감 상태도 좋고 작동도 이상없이 잘 됩니다속도 측정은 아직 못했는데 믿고 사용할수 있을것같습니다,"사이즈 작고 아담하고 디자인도 잡기 편할 뿐만 아니라 둥근게 귀엽습니다.
제품 마감 상태도 좋고 작동도 이상없이 잘 됩니다
속도 측정은 아직 못했는데 믿고 사용할수 있을것같습니다",['https://phinf.pstatic.net/checkout/20230518_273/1684420646369FPJJP_JPEG/1684420608459.jpg']
5,SK하이닉스공식대리점 도우,kms8****,2023-05-18,"잇섭님 유투브 보고 구매하게되었는데, 와 진짜 디자인 미친거같아용, 아직 사용전이라 여기까지 ㅎ","잇섭님 유투브 보고 구매하게되었는데, 와 진짜 디자인 미친거같아용, 아직 사용전이라 여기까지 ㅎ","['https://phinf.pstatic.net/checkout/20230518_223/1684418830478CernC_JPEG/20230518_225505.jpg', 'https://phinf.pstatic.net/checkout/20230518_283/1684418845927Q1iMG_JPEG/20230518_225928.jpg', 'https://phinf.pstatic.net/checkout/20230518_222/1684418853120BlNPB_JPEG/20230518_230145.jpg', 'https://phinf.pstatic.net/checkout/20230518_222/1684418867042tzwfT_JPEG/20230518_225829.jpg']"
5,SK하이닉스공식대리점 도우,cmj1****,2023-05-18,하이닉스 제품이라 믿고 샀어요~색깔이 하나라 아쉽긴 하지만 다른 부분들은 모두 만족스러워요,"하이닉스 제품이라 믿고 샀어요~
색깔이 하나라 아쉽긴 하지만 다른 부분들은 모두 만족스러워요",['https://phinf.pstatic.net/checkout/20230518_47/16843988272321I5bu_JPEG/IMG_6455.jpeg']
5,SK하이닉스공식대리점 도우,dora****,2023-05-18,속도가 듣던데로 너무 좋고 들고 다니기도 좋아서 완전 가성비 아이템입니다!,속도가 듣던데로 너무 좋고 들고 다니기도 좋아서 완전 가성비 아이템입니다!,"['https://phinf.pstatic.net/checkout/20230518_53/1684382390270Mv6D1_JPEG/IMG_6948.jpeg', 'https://phinf.pstatic.net/checkout/20230518_247/1684382390465vpdza_JPEG/IMG_6947.jpeg']"
5,SK하이닉스공식대리점 도우,yuny****,2023-05-18,유튜브 리뷰보고 구매했어요사이즈가 매우 작아 휴대하기 우수할거 같아요,"유튜브 리뷰보고 구매했어요
사이즈가 매우 작아 휴대하기 우수할거 같아요",['https://phinf.pstatic.net/checkout/20230518_231/1684403240722bnxDV_JPEG/20230518_154937.jpg']
5,SK하이닉스공식대리점 도우,hemi****,2023-05-18,잇섭 보고 샀는데 진짜 싸게 잘산것같습니다엄청 잘팔릴듯해요,"잇섭 보고 샀는데 진짜 싸게 잘산것같습니다
엄청 잘팔릴듯해요",['https://phinf.pstatic.net/checkout/20230518_127/1684381814410eeGUv_JPEG/image.jpg']
5,SK하이닉스공식대리점 도우,kjc3****,2023-05-18,아직 못 받았지만 믿고 확정 눌렀습니다잘 사용할게요 ^^,"아직 못 받았지만 믿고 확정 눌렀습니다
잘 사용할게요 ^^",[]
5,SK하이닉스공식대리점 도우,h0y1****,2023-05-18,오오 좋아요 잇섭보고ㅜ시킴 작고 빠름,오오 좋아요 잇섭보고ㅜ시킴 작고 빠름,['https://phinf.pstatic.net/checkout/20230518_246/1684367780124aXrTu_JPEG/20230518_085542.jpg']
5,SK하이닉스공식대리점 도우,soap****,2023-05-18,가격대비 디자인 성능 크기 좋습니다,가격대비 디자인 성능 크기 좋습니다,['https://phinf.pstatic.net/checkout/20230518_178/1684385577412c7fTe_JPEG/KakaoTalk_20230518_135223235.jpg']
5,SK하이닉스공식대리점 도우,wppo****,2023-05-18,배송 빠르고 제품 퀄리티도 좋아요,배송 빠르고 제품 퀄리티도 좋아요,[]
5,SK하이닉스공식대리점 도우,tren****,2023-05-18,좋아요...빠르고 가격조 궨찮구....,"좋아요...
빠르고 가격조 궨찮구....",[]
5,G마켓,o*i*****,2023-05-18,beetle x31,beetle x31 속도가 빨라서 좋네요,"['https://shopping-phinf.pstatic.net/20230521_18/c3028ea2-d5e5-4e27-b660-b35e27dc3a25.jpg', 'https://shopping-phinf.pstatic.net/20230521_27/cbac8fd2-a8fb-428b-9e7a-fabca29b4654.jpg']"
5,SK하이닉스공식대리점 도우,sazo****,2023-05-18,빠른 배송에 감사를 드립니다,빠른 배송에 감사를 드립니다,['https://phinf.pstatic.net/checkout/20230518_160/1684375445143wfTF3_JPEG/IMG_4086.jpeg']
5,SK하이닉스공식대리점 도우,geon****,2023-05-18,빠르게도착햇네요잘쓸게요,"빠르게도착햇네요
잘쓸게요",['https://phinf.pstatic.net/checkout/20230518_155/1684408990541vCSDA_JPEG/20230518_200310.jpg']
5,SK하이닉스공식대리점 도우,whit****,2023-05-18,잇섭보고 삽니다.제품은 완전 만족함 완전 좋음 가격이 엄청 착해졌네요,"잇섭보고 삽니다.
제품은 완전 만족함 완전 좋음
가격이 엄청 착해졌네요",[]
5,SK하이닉스공식대리점 도우,jaer****,2023-05-18,좋아요 작고 가벼워요,좋아요 작고 가벼워요,[]
5,SK하이닉스공식대리점 도우,ashl****,2023-05-18,"배송빠르고 좋습니다,","배송빠르고 좋습니다,",[]
5,SK하이닉스공식대리점 도우,upl9****,2023-05-18,대만족 합니다^^ :),대만족 합니다^^ :),['https://phinf.pstatic.net/checkout/20230518_212/1684418605776ivqIG_JPEG/IMG_5047.jpeg']
5,SK하이닉스공식대리점 도우,jong****,2023-05-18,1111111111111111111111111111111111111111111111111111111111111111111111111111111111111111111111111111,111111111111111111111111111111111111111111111111111111111111111111111111111111111111111111111111111111111111111111111111111111,[]
